"Data Source","World Development Indicators",

"Last Updated Date","2026-04-08",

"Country Name","Country Code","Indicator Name","Indicator Code","1960","1961","1962","1963","1964","1965","1966","1967","1968","1969","1970","1971","1972","1973","1974","1975","1976","1977","1978","1979","1980","1981","1982","1983","1984","1985","1986","1987","1988","1989","1990","1991","1992","1993","1994","1995","1996","1997","1998","1999","2000","2001","2002","2003","2004","2005","2006","2007","2008","2009","2010","2011","2012","2013","2014","2015","2016","2017","2018","2019","2020","2021","2022","2023","2024","2025",
"Aruba","ABW","Children (ages 0-14) newly infected with HIV","SH.HIV.INCD.14","","","","","","","","","","","","","","","","","","","","","","","","","","","","","","","","","","","","","","","","","","","","","","","","","","","","","","","","","","","","","","","","","","",
"Africa Eastern and Southern","AFE","Children (ages 0-14) newly infected with HIV","SH.HIV.INCD.14","","","","","","","","","","","","","","","","","","","","","","","","","","","","","","","","","","","","","","","","","","","","","","","","","","","","","","","","","","","","","","","","","","",
"Afghanistan","AFG","Children (ages 0-14) newly infected with HIV","SH.HIV.INCD.14","","","","","","","","","","","","","","","","","","","","","","","","","","","","","","","100","100","100","100","100","100","100","100","100","100","100","100","100","100","100","100","100","100","100","100","100","100","100","100","100","100","100","100","100","100","100","100","100","100","100","",
"Africa Western and Central","AFW","Children (ages 0-14) newly infected with HIV","SH.HIV.INCD.14","","","","","","","","","","","","","","","","","","","","","","","","","","","","","","","","","","","","","","","","","","","","","","","","","","","","","","","","","","","","","","","","","","",
"Angola","AGO","Children (ages 0-14) newly infected with HIV","SH.HIV.INCD.14","","","","","","","","","","","","","","","","","","","","","","","","","","","","","","","1800","2200","2600","3000","3500","3900","4400","4800","5200","5600","6000","6500","6900","7300","7600","8000","7700","8100","8200","8300","8400","8900","9000","8700","8200","8400","8700","8800","8200","6900","6500","6000","5300","4800","4500","",
"Albania","ALB","Children (ages 0-14) newly infected with HIV","SH.HIV.INCD.14","","","","","","","","","","","","","","","","","","","","","","","","","","","","","","","","","","","","","","","","","","","","","","","","","","","","","","","","","","","","","","","","","","",
"Andorra","AND","Children (ages 0-14) newly infected with HIV","SH.HIV.INCD.14","","","","","","","","","","","","","","","","","","","","","","","","","","","","","","","","","","","","","","","","","","","","","","","","","","","","","","","","","","","","","","","","","","",
"Arab World","ARB","Children (ages 0-14) newly infected with HIV","SH.HIV.INCD.14","","","","","","","","","","","","","","","","","","","","","","","","","","","","","","","","","","","","","","","","","","","","","","","","","","","","","","","","","","","","","","","","","","",
"United Arab Emirates","ARE","Children (ages 0-14) newly infected with HIV","SH.HIV.INCD.14","","","","","","","","","","","","","","","","","","","","","","","","","","","","","","","","","","","","","","","","","","","","","","","","","","","","","","","","","","","","","","","","","","",
"Argentina","ARG","Children (ages 0-14) newly infected with HIV","SH.HIV.INCD.14","","","","","","","","","","","","","","","","","","","","","","","","","","","","","","","","","","","","","","","","","","","","","","","","","","","","","","","","","","","","","","","","","","",
"Armenia","ARM","Children (ages 0-14) newly infected with HIV","SH.HIV.INCD.14","","","","","","","","","","","","","","","","","","","","","","","","","","","","","","","100","100","100","100","100","100","100","100","100","100","100","100","100","100","100","100","100","100","100","100","100","100","100","100","100","100","100","100","100","100","100","100","100","100","100","",
"American Samoa","ASM","Children (ages 0-14) newly infected with HIV","SH.HIV.INCD.14","","","","","","","","","","","","","","","","","","","","","","","","","","","","","","","","","","","","","","","","","","","","","","","","","","","","","","","","","","","","","","","","","","",
"Antigua and Barbuda","ATG","Children (ages 0-14) newly infected with HIV","SH.HIV.INCD.14","","","","","","","","","","","","","","","","","","","","","","","","","","","","","","","","","","","","","","","","","","","","","","","","","","","","","","","","","","","","","","","","","","",
"Australia","AUS","Children (ages 0-14) newly infected with HIV","SH.HIV.INCD.14","","","","","","","","","","","","","","","","","","","","","","","","","","","","","","","","","","","","","","","","","","","","","","","","","","","","","","","","","","","","","","","","","","",
"Austria","AUT","Children (ages 0-14) newly infected with HIV","SH.HIV.INCD.14","","","","","","","","","","","","","","","","","","","","","","","","","","","","","","","","","","","","","","","","","","","","","","","","","","","","","","","","","","","","","","","","","","",
"Azerbaijan","AZE","Children (ages 0-14) newly infected with HIV","SH.HIV.INCD.14","","","","","","","","","","","","","","","","","","","","","","","","","","","","","","","","","","","","","","","","","","","","","","","","","","","","","","","","","","","","","","","","","","",
"Burundi","BDI","Children (ages 0-14) newly infected with HIV","SH.HIV.INCD.14","","","","","","","","","","","","","","","","","","","","","","","","","","","","","","","5100","5300","5300","4800","4700","4300","4500","4100","3700","3500","3300","3100","2800","2600","2400","2100","2000","1900","1700","1500","1200","1100","970","790","600","500","500","500","500","500","500","500","500","500","500","",
"Belgium","BEL","Children (ages 0-14) newly infected with HIV","SH.HIV.INCD.14","","","","","","","","","","","","","","","","","","","","","","","","","","","","","","","","","","","","","","","","","","","","","","","","","","","","","","","","","","","","","","","","","","",
"Benin","BEN","Children (ages 0-14) newly infected with HIV","SH.HIV.INCD.14","","","","","","","","","","","","","","","","","","","","","","","","","","","","","","","500","500","700","960","1300","1500","1700","1800","1900","2000","2000","2000","2000","2000","2000","1900","1900","1900","1500","1500","1500","1500","1500","1500","1300","680","610","550","520","650","550","610","590","570","500","",
"Burkina Faso","BFA","Children (ages 0-14) newly infected with HIV","SH.HIV.INCD.14","","","","","","","","","","","","","","","","","","","","","","","","","","","","","","","5700","6100","6300","6300","6300","6200","6000","5800","5500","5300","5000","4700","4400","4100","3800","3600","3300","2900","2800","2400","2200","1900","1900","1700","1400","1800","1600","1500","1300","1100","930","820","750","930","800","",
"Bangladesh","BGD","Children (ages 0-14) newly infected with HIV","SH.HIV.INCD.14","","","","","","","","","","","","","","","","","","","","","","","","","","","","","","","","","","","","","","","","","","","","","","","","","","","","","","","","","","","","","","","","","","",
"Bulgaria","BGR","Children (ages 0-14) newly infected with HIV","SH.HIV.INCD.14","","","","","","","","","","","","","","","","","","","","","","","","","","","","","","","","","","","","","","","","","","","","","","","","","","","","","","","","","","","","","","","","","","",
"Bahrain","BHR","Children (ages 0-14) newly infected with HIV","SH.HIV.INCD.14","","","","","","","","","","","","","","","","","","","","","","","","","","","","","","","","","","","","","","","","","","","","","","","","","","","","","","","","","","","","","","","","","","",
"Bahamas, The","BHS","Children (ages 0-14) newly infected with HIV","SH.HIV.INCD.14","","","","","","","","","","","","","","","","","","","","","","","","","","","","","","","","","","","","","","","","","","","","","","","","","","","","","","","","","","","","","","","","","","",
"Bosnia and Herzegovina","BIH","Children (ages 0-14) newly infected with HIV","SH.HIV.INCD.14","","","","","","","","","","","","","","","","","","","","","","","","","","","","","","","","","","","","","","","","","","","","","","","","","","","","","","","","","","","","","","","","","","",
"Belarus","BLR","Children (ages 0-14) newly infected with HIV","SH.HIV.INCD.14","","","","","","","","","","","","","","","","","","","","","","","","","","","","","","","","","","","","","","","","","","","","","","","","","","","","","","","","","","","","","","","","","","",
"Belize","BLZ","Children (ages 0-14) newly infected with HIV","SH.HIV.INCD.14","","","","","","","","","","","","","","","","","","","","","","","","","","","","","","","","","","","","","","","","","","","","","","","","","","","","","","","","","","","","","","","","","","",
"Bermuda","BMU","Children (ages 0-14) newly infected with HIV","SH.HIV.INCD.14","","","","","","","","","","","","","","","","","","","","","","","","","","","","","","","","","","","","","","","","","","","","","","","","","","","","","","","","","","","","","","","","","","",
"Bolivia","BOL","Children (ages 0-14) newly infected with HIV","SH.HIV.INCD.14","","","","","","","","","","","","","","","","","","","","","","","","","","","","","","","100","100","100","200","200","200","200","200","200","200","500","500","500","500","500","500","500","200","200","200","200","200","200","200","200","200","200","200","100","100","100","100","100","100","100","",
"Brazil","BRA","Children (ages 0-14) newly infected with HIV","SH.HIV.INCD.14","","","","","","","","","","","","","","","","","","","","","","","","","","","","","","","","","","","","","","","","","","","","","","","","","","","","","","","","","","","","","","","","","","",
"Barbados","BRB","Children (ages 0-14) newly infected with HIV","SH.HIV.INCD.14","","","","","","","","","","","","","","","","","","","","","","","","","","","","","","","","","","","","","","","","","","","","","","","","","","","","","","","","","","","","","","","","","","",
"Brunei Darussalam","BRN","Children (ages 0-14) newly infected with HIV","SH.HIV.INCD.14","","","","","","","","","","","","","","","","","","","","","","","","","","","","","","","","","","","","","","","","","","","","","","","","","","","","","","","","","","","","","","","","","","",
"Bhutan","BTN","Children (ages 0-14) newly infected with HIV","SH.HIV.INCD.14","","","","","","","","","","","","","","","","","","","","","","","","","","","","","","","","","","","","","","","","","","","","","","","","","","","","","","","","","","","","","","","","","","",
"Botswana","BWA","Children (ages 0-14) newly infected with HIV","SH.HIV.INCD.14","","","","","","","","","","","","","","","","","","","","","","","","","","","","","","","1500","1900","2500","3100","3700","4200","4600","4900","5100","5300","5100","4700","4200","3800","3300","2100","1500","1600","1400","970","1200","1500","770","600","780","590","600","500","200","200","200","200","200","100","100","",
"Central African Republic","CAF","Children (ages 0-14) newly infected with HIV","SH.HIV.INCD.14","","","","","","","","","","","","","","","","","","","","","","","","","","","","","","","2500","3000","3400","3800","4100","4400","4500","4600","4600","4600","4500","4400","4300","4200","4000","3800","3400","3200","3000","2800","2700","2400","2200","2400","1900","1600","1500","1700","1500","1300","1400","1300","1400","1300","1000","",
"Canada","CAN","Children (ages 0-14) newly infected with HIV","SH.HIV.INCD.14","","","","","","","","","","","","","","","","","","","","","","","","","","","","","","","","","","","","","","","","","","","","","","","","","","","","","","","","","","","","","","","","","","",
"Central Europe and the Baltics","CEB","Children (ages 0-14) newly infected with HIV","SH.HIV.INCD.14","","","","","","","","","","","","","","","","","","","","","","","","","","","","","","","","","","","","","","","","","","","","","","","","","","","","","","","","","","","","","","","","","","",
"Switzerland","CHE","Children (ages 0-14) newly infected with HIV","SH.HIV.INCD.14","","","","","","","","","","","","","","","","","","","","","","","","","","","","","","","","","","","","","","","","","","","","","","","","","","","","","","","","","","","","","","","","","","",
"Channel Islands","CHI","Children (ages 0-14) newly infected with HIV","SH.HIV.INCD.14","","","","","","","","","","","","","","","","","","","","","","","","","","","","","","","","","","","","","","","","","","","","","","","","","","","","","","","","","","","","","","","","","","",
"Chile","CHL","Children (ages 0-14) newly infected with HIV","SH.HIV.INCD.14","","","","","","","","","","","","","","","","","","","","","","","","","","","","","","","100","100","100","100","100","100","100","100","100","100","100","100","100","100","100","100","100","100","100","100","100","100","100","100","100","100","100","100","100","100","100","100","100","100","100","",
"China","CHN","Children (ages 0-14) newly infected with HIV","SH.HIV.INCD.14","","","","","","","","","","","","","","","","","","","","","","","","","","","","","","","","","","","","","","","","","","","","","","","","","","","","","","","","","","","","","","","","","","",
"Cote d'Ivoire","CIV","Children (ages 0-14) newly infected with HIV","SH.HIV.INCD.14","","","","","","","","","","","","","","","","","","","","","","","","","","","","","","","11000","13000","15000","16000","17000","18000","18000","19000","19000","18000","18000","17000","16000","15000","14000","12000","12000","9900","7800","6800","6300","6100","4900","3800","2900","2600","3200","2700","2500","1600","1800","900","930","1100","1000","",
"Cameroon","CMR","Children (ages 0-14) newly infected with HIV","SH.HIV.INCD.14","","","","","","","","","","","","","","","","","","","","","","","","","","","","","","","2000","2700","3600","4600","5800","6900","8000","9000","10000","11000","11000","11000","12000","11000","11000","11000","10000","10000","9000","8800","6700","5800","4800","3400","3300","3200","3100","2800","2900","3700","3500","3000","2900","2300","2700","",
"Congo, Dem. Rep.","COD","Children (ages 0-14) newly infected with HIV","SH.HIV.INCD.14","","","","","","","","","","","","","","","","","","","","","","","","","","","","","","","15000","16000","17000","18000","18000","20000","20000","19000","19000","18000","18000","18000","17000","16000","16000","15000","15000","15000","14000","14000","13000","12000","12000","10000","8900","8600","8400","8700","9300","8500","8800","9000","9200","9000","9100","",
"Congo, Rep.","COG","Children (ages 0-14) newly infected with HIV","SH.HIV.INCD.14","","","","","","","","","","","","","","","","","","","","","","","","","","","","","","","2000","2200","2200","2300","2300","2300","2400","2300","2300","2200","2100","2200","2100","2100","2000","2000","2000","1900","1900","2000","2000","1900","2000","1900","1900","1900","2100","2100","2200","2200","2200","2100","2100","2000","1900","",
"Colombia","COL","Children (ages 0-14) newly infected with HIV","SH.HIV.INCD.14","","","","","","","","","","","","","","","","","","","","","","","","","","","","","","","500","500","550","630","690","710","730","740","750","730","710","690","670","640","580","500","540","500","500","500","500","500","500","500","500","500","500","500","500","500","500","500","500","500","","",
"Comoros","COM","Children (ages 0-14) newly infected with HIV","SH.HIV.INCD.14","","","","","","","","","","","","","","","","","","","","","","","","","","","","","","","","","","","","","","","","","","","","","","","","","","","","","","","","","","","","","","","","","","",
"Cabo Verde","CPV","Children (ages 0-14) newly infected with HIV","SH.HIV.INCD.14","","","","","","","","","","","","","","","","","","","","","","","","","","","","","","","100","100","100","100","100","100","100","100","100","100","100","100","100","100","100","100","100","100","100","100","100","100","100","100","100","100","100","100","100","100","100","100","100","100","100","",
"Costa Rica","CRI","Children (ages 0-14) newly infected with HIV","SH.HIV.INCD.14","","","","","","","","","","","","","","","","","","","","","","","","","","","","","","","100","100","100","100","100","100","100","100","100","100","100","100","100","100","100","100","100","100","100","100","100","100","100","100","100","100","100","100","100","100","100","100","100","100","100","",
"Caribbean small states","CSS","Children (ages 0-14) newly infected with HIV","SH.HIV.INCD.14","","","","","","","","","","","","","","","","","","","","","","","","","","","","","","","","","","","","","","","","","","","","","","","","","","","","","","","","","","","","","","","","","","",
"Cuba","CUB","Children (ages 0-14) newly infected with HIV","SH.HIV.INCD.14","","","","","","","","","","","","","","","","","","","","","","","","","","","","","","","100","100","100","100","100","100","100","100","100","100","100","100","100","100","100","100","100","100","100","100","100","100","100","100","100","100","100","100","100","100","100","100","100","100","100","",
"Curacao","CUW","Children (ages 0-14) newly infected with HIV","SH.HIV.INCD.14","","","","","","","","","","","","","","","","","","","","","","","","","","","","","","","","","","","","","","","","","","","","","","","","","","","","","","","","","","","","","","","","","","",
"Cayman Islands","CYM","Children (ages 0-14) newly infected with HIV","SH.HIV.INCD.14","","","","","","","","","","","","","","","","","","","","","","","","","","","","","","","","","","","","","","","","","","","","","","","","","","","","","","","","","","","","","","","","","","",
"Cyprus","CYP","Children (ages 0-14) newly infected with HIV","SH.HIV.INCD.14","","","","","","","","","","","","","","","","","","","","","","","","","","","","","","","","","","","","","","","","","","","","","","","","","","","","","","","","","","","","","","","","","","",
"Czechia","CZE","Children (ages 0-14) newly infected with HIV","SH.HIV.INCD.14","","","","","","","","","","","","","","","","","","","","","","","","","","","","","","","","","","","","","","","","","","","","","","","","","","","","","","","","","","","","","","","","","","",
"Germany","DEU","Children (ages 0-14) newly infected with HIV","SH.HIV.INCD.14","","","","","","","","","","","","","","","","","","","","","","","","","","","","","","","","","","","","","","","","","","","","","","","","","","","","","","","","","","","","","","","","","","",
"Djibouti","DJI","Children (ages 0-14) newly infected with HIV","SH.HIV.INCD.14","","","","","","","","","","","","","","","","","","","","","","","","","","","","","","","200","200","500","500","500","500","500","500","500","500","500","500","500","500","500","500","500","200","200","200","200","200","200","200","100","100","100","100","100","100","100","100","100","100","100","",
"Dominica","DMA","Children (ages 0-14) newly infected with HIV","SH.HIV.INCD.14","","","","","","","","","","","","","","","","","","","","","","","","","","","","","","","","","","","","","","","","","","","","","","","","","","","","","","","","","","","","","","","","","","",
"Denmark","DNK","Children (ages 0-14) newly infected with HIV","SH.HIV.INCD.14","","","","","","","","","","","","","","","","","","","","","","","","","","","","","","","","","","","","","","","","","","","","","","","","","","","","","","","","","","","","","","","","","","",
"Dominican Republic","DOM","Children (ages 0-14) newly infected with HIV","SH.HIV.INCD.14","","","","","","","","","","","","","","","","","","","","","","","","","","","","","","","590","770","950","1100","1300","1300","1300","1300","1300","1300","1200","1200","1100","1100","950","840","790","720","650","650","620","510","500","580","530","560","550","570","570","580","610","510","500","500","500","",
"Algeria","DZA","Children (ages 0-14) newly infected with HIV","SH.HIV.INCD.14","","","","","","","","","","","","","","","","","","","","","","","","","","","","","","","100","100","100","100","100","100","100","100","100","100","100","100","100","100","100","100","100","100","100","100","100","100","100","100","200","200","200","200","100","100","200","200","200","200","200","",
"East Asia & Pacific (excluding high income)","EAP","Children (ages 0-14) newly infected with HIV","SH.HIV.INCD.14","","","","","","","","","","","","","","","","","","","","","","","","","","","","","","","","","","","","","","","","","","","","","","","","","","","","","","","","","","","","","","","","","","",
"Early-demographic dividend","EAR","Children (ages 0-14) newly infected with HIV","SH.HIV.INCD.14","","","","","","","","","","","","","","","","","","","","","","","","","","","","","","","","","","","","","","","","","","","","","","","","","","","","","","","","","","","","","","","","","","",
"East Asia & Pacific","EAS","Children (ages 0-14) newly infected with HIV","SH.HIV.INCD.14","","","","","","","","","","","","","","","","","","","","","","","","","","","","","","","","","","","","","","","","","","","","","","","","","","","","","","","","","","","","","","","","","","",
"Europe & Central Asia (excluding high income)","ECA","Children (ages 0-14) newly infected with HIV","SH.HIV.INCD.14","","","","","","","","","","","","","","","","","","","","","","","","","","","","","","","","","","","","","","","","","","","","","","","","","","","","","","","","","","","","","","","","","","",
"Europe & Central Asia","ECS","Children (ages 0-14) newly infected with HIV","SH.HIV.INCD.14","","","","","","","","","","","","","","","","","","","","","","","","","","","","","","","","","","","","","","","","","","","","","","","","","","","","","","","","","","","","","","","","","","",
"Ecuador","ECU","Children (ages 0-14) newly infected with HIV","SH.HIV.INCD.14","","","","","","","","","","","","","","","","","","","","","","","","","","","","","","","100","100","200","200","200","200","200","500","500","500","500","500","500","500","500","500","500","500","500","500","500","500","500","200","200","200","200","200","200","200","200","200","100","100","100","",
"Egypt, Arab Rep.","EGY","Children (ages 0-14) newly infected with HIV","SH.HIV.INCD.14","","","","","","","","","","","","","","","","","","","","","","","","","","","","","","","200","200","200","200","200","200","200","200","200","200","200","200","200","200","200","200","200","200","200","200","200","200","200","200","200","200","200","200","200","200","200","200","200","500","500","",
"Euro area","EMU","Children (ages 0-14) newly infected with HIV","SH.HIV.INCD.14","","","","","","","","","","","","","","","","","","","","","","","","","","","","","","","","","","","","","","","","","","","","","","","","","","","","","","","","","","","","","","","","","","",
"Eritrea","ERI","Children (ages 0-14) newly infected with HIV","SH.HIV.INCD.14","","","","","","","","","","","","","","","","","","","","","","","","","","","","","","","500","500","500","500","500","500","500","500","500","500","500","500","500","500","500","200","200","200","100","100","100","100","100","100","100","100","100","100","100","100","100","100","100","100","100","",
"Spain","ESP","Children (ages 0-14) newly infected with HIV","SH.HIV.INCD.14","","","","","","","","","","","","","","","","","","","","","","","","","","","","","","","","","","","","","","","","","","","","","","","","","","","","","","","","","","","","","","","","","","",
"Estonia","EST","Children (ages 0-14) newly infected with HIV","SH.HIV.INCD.14","","","","","","","","","","","","","","","","","","","","","","","","","","","","","","","","","","","","","","","","","","","","","","","","","","","","","","","","","","","","","","","","","","",
"Ethiopia","ETH","Children (ages 0-14) newly infected with HIV","SH.HIV.INCD.14","","","","","","","","","","","","","","","","","","","","","","","","","","","","","","","20000","24000","26000","28000","29000","29000","29000","28000","27000","26000","21000","19000","18000","16000","15000","14000","12000","11000","9800","9300","8500","7300","5600","4800","4600","4000","4200","4200","3700","3300","2200","2500","2100","1500","1300","",
"European Union","EUU","Children (ages 0-14) newly infected with HIV","SH.HIV.INCD.14","","","","","","","","","","","","","","","","","","","","","","","","","","","","","","","","","","","","","","","","","","","","","","","","","","","","","","","","","","","","","","","","","","",
"Fragile and conflict affected situations","FCS","Children (ages 0-14) newly infected with HIV","SH.HIV.INCD.14","","","","","","","","","","","","","","","","","","","","","","","","","","","","","","","","","","","","","","","","","","","","","","","","","","","","","","","","","","","","","","","","","","",
"Finland","FIN","Children (ages 0-14) newly infected with HIV","SH.HIV.INCD.14","","","","","","","","","","","","","","","","","","","","","","","","","","","","","","","","","","","","","","","","","","","","","","","","","","","","","","","","","","","","","","","","","","",
"Fiji","FJI","Children (ages 0-14) newly infected with HIV","SH.HIV.INCD.14","","","","","","","","","","","","","","","","","","","","","","","","","","","","","","","100","100","100","100","100","100","100","100","100","100","100","100","100","100","100","100","100","100","100","100","100","100","100","100","100","100","100","100","100","100","100","100","100","100","100","",
"France","FRA","Children (ages 0-14) newly infected with HIV","SH.HIV.INCD.14","","","","","","","","","","","","","","","","","","","","","","","","","","","","","","","","","","","","","","","","","","","","","","","","","","","","","","","","","","","","","","","","","","",
"Faroe Islands","FRO","Children (ages 0-14) newly infected with HIV","SH.HIV.INCD.14","","","","","","","","","","","","","","","","","","","","","","","","","","","","","","","","","","","","","","","","","","","","","","","","","","","","","","","","","","","","","","","","","","",
"Micronesia, Fed. Sts.","FSM","Children (ages 0-14) newly infected with HIV","SH.HIV.INCD.14","","","","","","","","","","","","","","","","","","","","","","","","","","","","","","","","","","","","","","","","","","","","","","","","","","","","","","","","","","","","","","","","","","",
"Gabon","GAB","Children (ages 0-14) newly infected with HIV","SH.HIV.INCD.14","","","","","","","","","","","","","","","","","","","","","","","","","","","","","","","500","500","500","500","510","600","670","740","790","830","860","880","900","900","890","880","890","830","790","810","780","720","660","600","620","560","500","500","500","500","500","500","500","500","500","",
"United Kingdom","GBR","Children (ages 0-14) newly infected with HIV","SH.HIV.INCD.14","","","","","","","","","","","","","","","","","","","","","","","","","","","","","","","","","","","","","","","","","","","","","","","","","","","","","","","","","","","","","","","","","","",
"Georgia","GEO","Children (ages 0-14) newly infected with HIV","SH.HIV.INCD.14","","","","","","","","","","","","","","","","","","","","","","","","","","","","","","","","","","","","","","","","","","","","","","","","","","","","","","","","","","","","","","","","","","",
"Ghana","GHA","Children (ages 0-14) newly infected with HIV","SH.HIV.INCD.14","","","","","","","","","","","","","","","","","","","","","","","","","","","","","","","4400","5300","6000","6700","7100","7300","7500","7600","7800","7900","8000","7900","7800","7600","7400","7200","6900","5800","5200","5500","4900","4200","3900","4400","4000","4100","3700","3300","3000","2500","2300","2000","1900","1800","1200","",
"Gibraltar","GIB","Children (ages 0-14) newly infected with HIV","SH.HIV.INCD.14","","","","","","","","","","","","","","","","","","","","","","","","","","","","","","","","","","","","","","","","","","","","","","","","","","","","","","","","","","","","","","","","","","",
"Guinea","GIN","Children (ages 0-14) newly infected with HIV","SH.HIV.INCD.14","","","","","","","","","","","","","","","","","","","","","","","","","","","","","","","500","630","800","990","1200","1400","1600","1800","1900","2100","2200","2200","2300","2400","2400","2400","2400","2200","2200","2400","2300","2000","2000","1400","2600","2600","2600","2600","2500","1700","1600","1500","1500","1300","1100","",
"Gambia, The","GMB","Children (ages 0-14) newly infected with HIV","SH.HIV.INCD.14","","","","","","","","","","","","","","","","","","","","","","","","","","","","","","","100","100","100","200","200","200","500","500","500","500","500","500","500","500","500","500","500","500","500","500","500","500","500","500","500","500","500","500","500","500","500","200","200","200","200","",
"Guinea-Bissau","GNB","Children (ages 0-14) newly infected with HIV","SH.HIV.INCD.14","","","","","","","","","","","","","","","","","","","","","","","","","","","","","","","100","100","200","200","500","500","500","580","720","830","920","950","980","980","980","960","900","890","890","820","770","680","570","500","200","500","500","500","500","500","500","500","500","500","500","",
"Equatorial Guinea","GNQ","Children (ages 0-14) newly infected with HIV","SH.HIV.INCD.14","","","","","","","","","","","","","","","","","","","","","","","","","","","","","","","","","","","","","","","","","","","","","","","","","","","","","","","","","","","","","","","","","","",
"Greece","GRC","Children (ages 0-14) newly infected with HIV","SH.HIV.INCD.14","","","","","","","","","","","","","","","","","","","","","","","","","","","","","","","","","","","","","","","","","","","","","","","","","","","","","","","","","","","","","","","","","","",
"Grenada","GRD","Children (ages 0-14) newly infected with HIV","SH.HIV.INCD.14","","","","","","","","","","","","","","","","","","","","","","","","","","","","","","","","","","","","","","","","","","","","","","","","","","","","","","","","","","","","","","","","","","",
"Greenland","GRL","Children (ages 0-14) newly infected with HIV","SH.HIV.INCD.14","","","","","","","","","","","","","","","","","","","","","","","","","","","","","","","","","","","","","","","","","","","","","","","","","","","","","","","","","","","","","","","","","","",
"Guatemala","GTM","Children (ages 0-14) newly infected with HIV","SH.HIV.INCD.14","","","","","","","","","","","","","","","","","","","","","","","","","","","","","","","500","500","500","500","500","520","540","540","530","520","500","500","500","500","500","500","500","200","200","200","200","200","200","200","200","200","200","200","200","100","100","100","100","100","200","",
"Guam","GUM","Children (ages 0-14) newly infected with HIV","SH.HIV.INCD.14","","","","","","","","","","","","","","","","","","","","","","","","","","","","","","","","","","","","","","","","","","","","","","","","","","","","","","","","","","","","","","","","","","",
"Guyana","GUY","Children (ages 0-14) newly infected with HIV","SH.HIV.INCD.14","","","","","","","","","","","","","","","","","","","","","","","","","","","","","","","100","100","100","100","100","100","100","100","100","100","100","100","100","100","100","100","100","100","100","100","100","100","100","100","100","100","100","100","100","100","100","100","100","100","100","",
"High income","HIC","Children (ages 0-14) newly infected with HIV","SH.HIV.INCD.14","","","","","","","","","","","","","","","","","","","","","","","","","","","","","","","","","","","","","","","","","","","","","","","","","","","","","","","","","","","","","","","","","","",
"Hong Kong SAR, China","HKG","Children (ages 0-14) newly infected with HIV","SH.HIV.INCD.14","","","","","","","","","","","","","","","","","","","","","","","","","","","","","","","","","","","","","","","","","","","","","","","","","","","","","","","","","","","","","","","","","","",
"Honduras","HND","Children (ages 0-14) newly infected with HIV","SH.HIV.INCD.14","","","","","","","","","","","","","","","","","","","","","","","","","","","","","","","500","500","540","610","660","690","710","710","690","670","630","580","520","500","500","500","500","500","500","200","200","200","200","200","200","200","200","100","100","100","100","100","100","100","100","",
"Heavily indebted poor countries (HIPC)","HPC","Children (ages 0-14) newly infected with HIV","SH.HIV.INCD.14","","","","","","","","","","","","","","","","","","","","","","","","","","","","","","","","","","","","","","","","","","","","","","","","","","","","","","","","","","","","","","","","","","",
"Croatia","HRV","Children (ages 0-14) newly infected with HIV","SH.HIV.INCD.14","","","","","","","","","","","","","","","","","","","","","","","","","","","","","","","","","","","","","","","","","","","","","","","","","","","","","","","","","","","","","","","","","","",
"Haiti","HTI","Children (ages 0-14) newly infected with HIV","SH.HIV.INCD.14","","","","","","","","","","","","","","","","","","","","","","","","","","","","","","","2600","2800","3000","3000","3100","3100","3000","3000","2900","2800","2800","2700","2600","2500","2300","2100","1800","1400","1400","1200","1300","870","560","670","750","780","850","770","690","680","850","920","1000","1000","1100","",
"Hungary","HUN","Children (ages 0-14) newly infected with HIV","SH.HIV.INCD.14","","","","","","","","","","","","","","","","","","","","","","","","","","","","","","","","","","","","","","","","","","","","","","","","","","","","","","","","","","","","","","","","","","",
"IBRD only","IBD","Children (ages 0-14) newly infected with HIV","SH.HIV.INCD.14","","","","","","","","","","","","","","","","","","","","","","","","","","","","","","","","","","","","","","","","","","","","","","","","","","","","","","","","","","","","","","","","","","",
"IDA & IBRD total","IBT","Children (ages 0-14) newly infected with HIV","SH.HIV.INCD.14","","","","","","","","","","","","","","","","","","","","","","","","","","","","","","","","","","","","","","","","","","","","","","","","","","","","","","","","","","","","","","","","","","",
"IDA total","IDA","Children (ages 0-14) newly infected with HIV","SH.HIV.INCD.14","","","","","","","","","","","","","","","","","","","","","","","","","","","","","","","","","","","","","","","","","","","","","","","","","","","","","","","","","","","","","","","","","","",
"IDA blend","IDB","Children (ages 0-14) newly infected with HIV","SH.HIV.INCD.14","","","","","","","","","","","","","","","","","","","","","","","","","","","","","","","","","","","","","","","","","","","","","","","","","","","","","","","","","","","","","","","","","","",
"Indonesia","IDN","Children (ages 0-14) newly infected with HIV","SH.HIV.INCD.14","","","","","","","","","","","","","","","","","","","","","","","","","","","","","","","","","","","","","","","","","","","","","","","","","","","","","","","","","","","","","","","","","","",
"IDA only","IDX","Children (ages 0-14) newly infected with HIV","SH.HIV.INCD.14","","","","","","","","","","","","","","","","","","","","","","","","","","","","","","","","","","","","","","","","","","","","","","","","","","","","","","","","","","","","","","","","","","",
"Isle of Man","IMN","Children (ages 0-14) newly infected with HIV","SH.HIV.INCD.14","","","","","","","","","","","","","","","","","","","","","","","","","","","","","","","","","","","","","","","","","","","","","","","","","","","","","","","","","","","","","","","","","","",
"India","IND","Children (ages 0-14) newly infected with HIV","SH.HIV.INCD.14","","","","","","","","","","","","","","","","","","","","","","","","","","","","","","","","","","","","","","","","","","","","","","","","","","","","","","","","","","","","","","","","","","",
"Not classified","INX","Children (ages 0-14) newly infected with HIV","SH.HIV.INCD.14","","","","","","","","","","","","","","","","","","","","","","","","","","","","","","","","","","","","","","","","","","","","","","","","","","","","","","","","","","","","","","","","","","",
"Ireland","IRL","Children (ages 0-14) newly infected with HIV","SH.HIV.INCD.14","","","","","","","","","","","","","","","","","","","","","","","","","","","","","","","100","100","100","100","100","100","100","100","100","100","100","100","100","100","100","100","100","100","100","100","100","100","100","100","100","100","100","100","100","100","100","100","100","100","100","",
"Iran, Islamic Rep.","IRN","Children (ages 0-14) newly infected with HIV","SH.HIV.INCD.14","","","","","","","","","","","","","","","","","","","","","","","","","","","","","","","","","","","","","","","","","","","","","","","","","","","","","","","","","","","","","","","","","","",
"Iraq","IRQ","Children (ages 0-14) newly infected with HIV","SH.HIV.INCD.14","","","","","","","","","","","","","","","","","","","","","","","","","","","","","","","","","","","","","","","","","","","","","","","","","","","","","","","","","","","","","","","","","","",
"Iceland","ISL","Children (ages 0-14) newly infected with HIV","SH.HIV.INCD.14","","","","","","","","","","","","","","","","","","","","","","","","","","","","","","","","","","","","","","","","","","","","","","","","","","","","","","","","","","","","","","","","","","",
"Israel","ISR","Children (ages 0-14) newly infected with HIV","SH.HIV.INCD.14","","","","","","","","","","","","","","","","","","","","","","","","","","","","","","","","","","","","","","","","","","","","","","","","","","","","","","","","","","","","","","","","","","",
"Italy","ITA","Children (ages 0-14) newly infected with HIV","SH.HIV.INCD.14","","","","","","","","","","","","","","","","","","","","","","","","","","","","","","","","","","","","","","","","","","","","","","","","","","","","","","","","","","","","","","","","","","",
"Jamaica","JAM","Children (ages 0-14) newly infected with HIV","SH.HIV.INCD.14","","","","","","","","","","","","","","","","","","","","","","","","","","","","","","","","","","","","","","","","","","","","","","","","","","","","","","","","","","","","","","","","","","",
"Jordan","JOR","Children (ages 0-14) newly infected with HIV","SH.HIV.INCD.14","","","","","","","","","","","","","","","","","","","","","","","","","","","","","","","","","","","","","","","","","","","","","","","","","","","","","","","","","","","","","","","","","","",
"Japan","JPN","Children (ages 0-14) newly infected with HIV","SH.HIV.INCD.14","","","","","","","","","","","","","","","","","","","","","","","","","","","","","","","","","","","","","","","","","","","","","","","","","","","","","","","","","","","","","","","","","","",
"Kazakhstan","KAZ","Children (ages 0-14) newly infected with HIV","SH.HIV.INCD.14","","","","","","","","","","","","","","","","","","","","","","","","","","","","","","","100","100","100","100","100","100","100","100","100","100","100","100","100","100","100","100","200","100","100","100","100","100","100","100","100","100","100","100","100","100","100","100","100","100","100","",
"Kenya","KEN","Children (ages 0-14) newly infected with HIV","SH.HIV.INCD.14","","","","","","","","","","","","","","","","","","","","","","","","","","","","","","","32000","40000","46000","51000","53000","55000","55000","55000","54000","53000","51000","49000","46000","44000","41000","36000","32000","28000","20000","19000","17000","13000","15000","14000","11000","6900","5900","6800","4700","4600","4400","4800","4600","3600","4300","",
"Kyrgyz Republic","KGZ","Children (ages 0-14) newly infected with HIV","SH.HIV.INCD.14","","","","","","","","","","","","","","","","","","","","","","","","","","","","","","","100","100","100","100","100","100","100","100","100","100","100","100","100","100","100","100","100","100","100","100","100","100","200","100","100","100","100","100","100","100","100","100","100","100","100","",
"Cambodia","KHM","Children (ages 0-14) newly infected with HIV","SH.HIV.INCD.14","","","","","","","","","","","","","","","","","","","","","","","","","","","","","","","100","100","200","500","600","880","1100","1200","1300","1300","1200","1200","1100","1100","980","900","790","640","560","500","500","500","500","500","500","200","200","200","200","200","100","200","100","100","100","",
"Kiribati","KIR","Children (ages 0-14) newly infected with HIV","SH.HIV.INCD.14","","","","","","","","","","","","","","","","","","","","","","","","","","","","","","","","","","","","","","","","","","","","","","","","","","","","","","","","","","","","","","","","","","",
"St. Kitts and Nevis","KNA","Children (ages 0-14) newly infected with HIV","SH.HIV.INCD.14","","","","","","","","","","","","","","","","","","","","","","","","","","","","","","","","","","","","","","","","","","","","","","","","","","","","","","","","","","","","","","","","","","",
"Korea, Rep.","KOR","Children (ages 0-14) newly infected with HIV","SH.HIV.INCD.14","","","","","","","","","","","","","","","","","","","","","","","","","","","","","","","","","","","","","","","","","","","","","","","","","","","","","","","","","","","","","","","","","","",
"Kuwait","KWT","Children (ages 0-14) newly infected with HIV","SH.HIV.INCD.14","","","","","","","","","","","","","","","","","","","","","","","","","","","","","","","","","","","","","","","","","","","","","","","","","","","","","","","","","","","","","","","","","","",
"Latin America & Caribbean (excluding high income)","LAC","Children (ages 0-14) newly infected with HIV","SH.HIV.INCD.14","","","","","","","","","","","","","","","","","","","","","","","","","","","","","","","","","","","","","","","","","","","","","","","","","","","","","","","","","","","","","","","","","","",
"Lao PDR","LAO","Children (ages 0-14) newly infected with HIV","SH.HIV.INCD.14","","","","","","","","","","","","","","","","","","","","","","","","","","","","","","","100","100","100","100","100","100","100","100","100","100","100","100","100","100","100","100","100","100","200","200","200","200","200","200","200","200","200","200","200","200","200","100","100","100","100","",
"Lebanon","LBN","Children (ages 0-14) newly infected with HIV","SH.HIV.INCD.14","","","","","","","","","","","","","","","","","","","","","","","","","","","","","","","","","","","","","","","","","","","","","","","","","","","","","","","","","","","","","","","","","","",
"Liberia","LBR","Children (ages 0-14) newly infected with HIV","SH.HIV.INCD.14","","","","","","","","","","","","","","","","","","","","","","","","","","","","","","","","","","","","","","","","","","","","","","","","","","","","","","","","","","","","","","","","","","",
"Libya","LBY","Children (ages 0-14) newly infected with HIV","SH.HIV.INCD.14","","","","","","","","","","","","","","","","","","","","","","","","","","","","","","","100","100","100","100","100","100","100","100","100","100","100","100","100","100","100","100","100","100","100","100","100","100","100","100","100","100","100","100","100","100","100","100","100","100","100","",
"St. Lucia","LCA","Children (ages 0-14) newly infected with HIV","SH.HIV.INCD.14","","","","","","","","","","","","","","","","","","","","","","","","","","","","","","","","","","","","","","","","","","","","","","","","","","","","","","","","","","","","","","","","","","",
"Latin America & Caribbean","LCN","Children (ages 0-14) newly infected with HIV","SH.HIV.INCD.14","","","","","","","","","","","","","","","","","","","","","","","","","","","","","","","","","","","","","","","","","","","","","","","","","","","","","","","","","","","","","","","","","","",
"Least developed countries: UN classification","LDC","Children (ages 0-14) newly infected with HIV","SH.HIV.INCD.14","","","","","","","","","","","","","","","","","","","","","","","","","","","","","","","","","","","","","","","","","","","","","","","","","","","","","","","","","","","","","","","","","","",
"Low income","LIC","Children (ages 0-14) newly infected with HIV","SH.HIV.INCD.14","","","","","","","","","","","","","","","","","","","","","","","","","","","","","","","","","","","","","","","","","","","","","","","","","","","","","","","","","","","","","","","","","","",
"Liechtenstein","LIE","Children (ages 0-14) newly infected with HIV","SH.HIV.INCD.14","","","","","","","","","","","","","","","","","","","","","","","","","","","","","","","","","","","","","","","","","","","","","","","","","","","","","","","","","","","","","","","","","","",
"Sri Lanka","LKA","Children (ages 0-14) newly infected with HIV","SH.HIV.INCD.14","","","","","","","","","","","","","","","","","","","","","","","","","","","","","","","","","","","","","","","","","","","","","","","","","","","","","","","","","","","","","","","","","","",
"Lower middle income","LMC","Children (ages 0-14) newly infected with HIV","SH.HIV.INCD.14","","","","","","","","","","","","","","","","","","","","","","","","","","","","","","","","","","","","","","","","","","","","","","","","","","","","","","","","","","","","","","","","","","",
"Low & middle income","LMY","Children (ages 0-14) newly infected with HIV","SH.HIV.INCD.14","","","","","","","","","","","","","","","","","","","","","","","","","","","","","","","","","","","","","","","","","","","","","","","","","","","","","","","","","","","","","","","","","","",
"Lesotho","LSO","Children (ages 0-14) newly infected with HIV","SH.HIV.INCD.14","","","","","","","","","","","","","","","","","","","","","","","","","","","","","","","750","1200","1800","2400","3100","3700","4200","4600","4700","4700","4800","5000","5100","5100","5000","4800","4600","3900","4300","3100","2200","1400","1300","1400","1100","810","790","1000","690","520","500","500","500","500","500","",
"Late-demographic dividend","LTE","Children (ages 0-14) newly infected with HIV","SH.HIV.INCD.14","","","","","","","","","","","","","","","","","","","","","","","","","","","","","","","","","","","","","","","","","","","","","","","","","","","","","","","","","","","","","","","","","","",
"Lithuania","LTU","Children (ages 0-14) newly infected with HIV","SH.HIV.INCD.14","","","","","","","","","","","","","","","","","","","","","","","","","","","","","","","","","","","","","","","","","","","","","","","","","","","","","","","","","","","","","","","","","","",
"Luxembourg","LUX","Children (ages 0-14) newly infected with HIV","SH.HIV.INCD.14","","","","","","","","","","","","","","","","","","","","","","","","","","","","","","","","","","","","","","","","","","","","","","","","","","","","","","","","","","","","","","","","","","",
"Latvia","LVA","Children (ages 0-14) newly infected with HIV","SH.HIV.INCD.14","","","","","","","","","","","","","","","","","","","","","","","","","","","","","","","","","","","","","","","","","","","","","","","","","","","","","","","","","","","","","","","","","","",
"Macao SAR, China","MAC","Children (ages 0-14) newly infected with HIV","SH.HIV.INCD.14","","","","","","","","","","","","","","","","","","","","","","","","","","","","","","","","","","","","","","","","","","","","","","","","","","","","","","","","","","","","","","","","","","",
"St. Martin (French part)","MAF","Children (ages 0-14) newly infected with HIV","SH.HIV.INCD.14","","","","","","","","","","","","","","","","","","","","","","","","","","","","","","","","","","","","","","","","","","","","","","","","","","","","","","","","","","","","","","","","","","",
"Morocco","MAR","Children (ages 0-14) newly infected with HIV","SH.HIV.INCD.14","","","","","","","","","","","","","","","","","","","","","","","","","","","","","","","100","100","100","100","200","200","200","200","200","200","200","200","200","200","200","500","500","500","500","200","200","200","200","200","200","200","200","200","200","200","200","100","100","100","100","",
"Monaco","MCO","Children (ages 0-14) newly infected with HIV","SH.HIV.INCD.14","","","","","","","","","","","","","","","","","","","","","","","","","","","","","","","","","","","","","","","","","","","","","","","","","","","","","","","","","","","","","","","","","","",
"Moldova","MDA","Children (ages 0-14) newly infected with HIV","SH.HIV.INCD.14","","","","","","","","","","","","","","","","","","","","","","","","","","","","","","","100","100","100","100","100","100","100","100","100","100","100","100","100","100","100","100","100","100","100","100","100","100","100","100","100","100","100","100","100","100","100","100","100","100","100","",
"Madagascar","MDG","Children (ages 0-14) newly infected with HIV","SH.HIV.INCD.14","","","","","","","","","","","","","","","","","","","","","","","","","","","","","","","100","100","100","100","100","100","100","100","100","100","200","200","200","500","500","500","500","500","500","500","510","510","540","570","590","620","660","690","710","760","830","870","930","1100","1300","",
"Maldives","MDV","Children (ages 0-14) newly infected with HIV","SH.HIV.INCD.14","","","","","","","","","","","","","","","","","","","","","","","","","","","","","","","","","","","","","","","","","","","","","","","","","","","","","","","","","","","","","","","","","","",
"Middle East, North Africa, Afghanistan & Pakistan","MEA","Children (ages 0-14) newly infected with HIV","SH.HIV.INCD.14","","","","","","","","","","","","","","","","","","","","","","","","","","","","","","","","","","","","","","","","","","","","","","","","","","","","","","","","","","","","","","","","","","",
"Mexico","MEX","Children (ages 0-14) newly infected with HIV","SH.HIV.INCD.14","","","","","","","","","","","","","","","","","","","","","","","","","","","","","","","200","200","200","500","500","500","500","500","500","500","500","500","500","500","500","500","500","500","500","500","500","500","500","500","500","500","500","500","500","500","500","500","500","500","500","",
"Marshall Islands","MHL","Children (ages 0-14) newly infected with HIV","SH.HIV.INCD.14","","","","","","","","","","","","","","","","","","","","","","","","","","","","","","","","","","","","","","","","","","","","","","","","","","","","","","","","","","","","","","","","","","",
"Middle income","MIC","Children (ages 0-14) newly infected with HIV","SH.HIV.INCD.14","","","","","","","","","","","","","","","","","","","","","","","","","","","","","","","","","","","","","","","","","","","","","","","","","","","","","","","","","","","","","","","","","","",
"North Macedonia","MKD","Children (ages 0-14) newly infected with HIV","SH.HIV.INCD.14","","","","","","","","","","","","","","","","","","","","","","","","","","","","","","","","","","","","","","","","","","","","","","","","","","","","","","","","","","","","","","","","","","",
"Mali","MLI","Children (ages 0-14) newly infected with HIV","SH.HIV.INCD.14","","","","","","","","","","","","","","","","","","","","","","","","","","","","","","","1500","1800","2000","2200","2400","2400","2500","2500","2500","2600","2600","2500","2500","2500","2500","2500","2400","2200","2300","1800","1700","1400","1200","1700","1600","1500","1600","1600","1500","1600","1500","1300","1300","1300","1200","",
"Malta","MLT","Children (ages 0-14) newly infected with HIV","SH.HIV.INCD.14","","","","","","","","","","","","","","","","","","","","","","","","","","","","","","","","","","","","","","","","","","","","","","","","","","","","","","","","","","","","","","","","","","",
"Myanmar","MMR","Children (ages 0-14) newly infected with HIV","SH.HIV.INCD.14","","","","","","","","","","","","","","","","","","","","","","","","","","","","","","","100","200","500","500","500","550","670","800","940","1100","1300","1400","1600","1600","1700","1700","1600","1600","1500","1400","1300","1200","1100","1100","930","890","860","830","770","760","780","1400","1100","970","950","",
"Middle East, North Africa, Afghanistan & Pakistan (excluding high income)","MNA","Children (ages 0-14) newly infected with HIV","SH.HIV.INCD.14","","","","","","","","","","","","","","","","","","","","","","","","","","","","","","","","","","","","","","","","","","","","","","","","","","","","","","","","","","","","","","","","","","",
"Montenegro","MNE","Children (ages 0-14) newly infected with HIV","SH.HIV.INCD.14","","","","","","","","","","","","","","","","","","","","","","","","","","","","","","","","","","","","","","","","","","","","","","","","","","","","","","","","","","","","","","","","","","",
"Mongolia","MNG","Children (ages 0-14) newly infected with HIV","SH.HIV.INCD.14","","","","","","","","","","","","","","","","","","","","","","","","","","","","","","","","","","","","","","","","","","","","","","","","","","","","","","","","","","","","","","","","","","",
"Northern Mariana Islands","MNP","Children (ages 0-14) newly infected with HIV","SH.HIV.INCD.14","","","","","","","","","","","","","","","","","","","","","","","","","","","","","","","","","","","","","","","","","","","","","","","","","","","","","","","","","","","","","","","","","","",
"Mozambique","MOZ","Children (ages 0-14) newly infected with HIV","SH.HIV.INCD.14","","","","","","","","","","","","","","","","","","","","","","","","","","","","","","","5300","6800","8500","10000","13000","16000","19000","22000","25000","28000","31000","33000","34000","35000","36000","37000","37000","30000","33000","31000","38000","32000","26000","26000","25000","25000","26000","24000","23000","22000","23000","21000","18000","18000","16000","",
"Mauritania","MRT","Children (ages 0-14) newly infected with HIV","SH.HIV.INCD.14","","","","","","","","","","","","","","","","","","","","","","","","","","","","","","","100","100","200","200","200","200","500","500","500","500","500","500","500","500","500","500","200","200","200","200","200","200","200","200","100","100","100","100","100","100","100","100","100","100","100","",
"Mauritius","MUS","Children (ages 0-14) newly infected with HIV","SH.HIV.INCD.14","","","","","","","","","","","","","","","","","","","","","","","","","","","","","","","","","","","","","","","","","","","","","","","","","","","","","","","","","","","","","","","","","","",
"Malawi","MWI","Children (ages 0-14) newly infected with HIV","SH.HIV.INCD.14","","","","","","","","","","","","","","","","","","","","","","","","","","","","","","","19000","22000","26000","28000","30000","30000","30000","31000","31000","30000","30000","29000","28000","27000","26000","25000","23000","22000","19000","17000","17000","14000","12000","11000","10000","8000","6600","5200","3700","3900","3100","3100","3300","2600","2200","",
"Malaysia","MYS","Children (ages 0-14) newly infected with HIV","SH.HIV.INCD.14","","","","","","","","","","","","","","","","","","","","","","","","","","","","","","","100","100","100","100","100","100","100","100","100","100","100","100","100","100","100","100","100","100","100","100","100","100","100","100","100","100","100","100","100","100","100","100","100","100","100","",
"North America","NAC","Children (ages 0-14) newly infected with HIV","SH.HIV.INCD.14","","","","","","","","","","","","","","","","","","","","","","","","","","","","","","","","","","","","","","","","","","","","","","","","","","","","","","","","","","","","","","","","","","",
"Namibia","NAM","Children (ages 0-14) newly infected with HIV","SH.HIV.INCD.14","","","","","","","","","","","","","","","","","","","","","","","","","","","","","","","750","1100","1400","1900","2300","2700","3000","3400","3800","4100","4200","4200","4100","4100","3900","3300","2900","2500","2300","2400","2000","1800","2000","1600","1200","1000","860","600","550","510","500","530","500","660","500","",
"New Caledonia","NCL","Children (ages 0-14) newly infected with HIV","SH.HIV.INCD.14","","","","","","","","","","","","","","","","","","","","","","","","","","","","","","","","","","","","","","","","","","","","","","","","","","","","","","","","","","","","","","","","","","",
"Niger","NER","Children (ages 0-14) newly infected with HIV","SH.HIV.INCD.14","","","","","","","","","","","","","","","","","","","","","","","","","","","","","","","500","690","890","1100","1300","1500","1600","1700","1800","1800","1700","1700","1600","1500","1400","1400","1300","1200","1000","880","500","500","520","500","500","560","500","550","550","570","590","590","540","500","500","",
"Nigeria","NGA","Children (ages 0-14) newly infected with HIV","SH.HIV.INCD.14","","","","","","","","","","","","","","","","","","","","","","","","","","","","","","","","","","","","","","","","","","","","","","","","","","","","","","","","","","","","","","","","","","",
"Nicaragua","NIC","Children (ages 0-14) newly infected with HIV","SH.HIV.INCD.14","","","","","","","","","","","","","","","","","","","","","","","","","","","","","","","","","","","","","","","","","","","","","","","","","","","","","","","","","","","","","","","","","","",
"Netherlands","NLD","Children (ages 0-14) newly infected with HIV","SH.HIV.INCD.14","","","","","","","","","","","","","","","","","","","","","","","","","","","","","","","100","100","100","100","100","100","100","100","100","100","100","100","100","100","100","100","100","100","100","100","100","100","100","100","100","100","100","100","100","100","100","100","100","100","","",
"Norway","NOR","Children (ages 0-14) newly infected with HIV","SH.HIV.INCD.14","","","","","","","","","","","","","","","","","","","","","","","","","","","","","","","","","","","","","","","","","","","","","","","","","","","","","","","","","","","","","","","","","","",
"Nepal","NPL","Children (ages 0-14) newly infected with HIV","SH.HIV.INCD.14","","","","","","","","","","","","","","","","","","","","","","","","","","","","","","","100","100","100","100","100","100","100","100","100","200","200","500","500","500","500","500","500","500","500","500","500","500","500","500","200","200","200","100","100","100","100","100","100","100","100","",
"Nauru","NRU","Children (ages 0-14) newly infected with HIV","SH.HIV.INCD.14","","","","","","","","","","","","","","","","","","","","","","","","","","","","","","","","","","","","","","","","","","","","","","","","","","","","","","","","","","","","","","","","","","",
"New Zealand","NZL","Children (ages 0-14) newly infected with HIV","SH.HIV.INCD.14","","","","","","","","","","","","","","","","","","","","","","","","","","","","","","","","","","","","","","","","","","","","","","","","","","","","","","","","","","","","","","","","","","",
"OECD members","OED","Children (ages 0-14) newly infected with HIV","SH.HIV.INCD.14","","","","","","","","","","","","","","","","","","","","","","","","","","","","","","","","","","","","","","","","","","","","","","","","","","","","","","","","","","","","","","","","","","",
"Oman","OMN","Children (ages 0-14) newly infected with HIV","SH.HIV.INCD.14","","","","","","","","","","","","","","","","","","","","","","","","","","","","","","","","","","","","","","","","","","","","","","","","","","","","","","","","","","","","","","","","","","",
"Other small states","OSS","Children (ages 0-14) newly infected with HIV","SH.HIV.INCD.14","","","","","","","","","","","","","","","","","","","","","","","","","","","","","","","","","","","","","","","","","","","","","","","","","","","","","","","","","","","","","","","","","","",
"Pakistan","PAK","Children (ages 0-14) newly infected with HIV","SH.HIV.INCD.14","","","","","","","","","","","","","","","","","","","","","","","","","","","","","","","","","","","","","","","","","","","","","","","","","","","","","","","","","","","","","","","","","","",
"Panama","PAN","Children (ages 0-14) newly infected with HIV","SH.HIV.INCD.14","","","","","","","","","","","","","","","","","","","","","","","","","","","","","","","100","100","100","100","100","100","100","100","100","100","100","100","100","100","100","100","100","100","100","100","100","100","100","100","100","100","100","100","100","100","100","100","100","100","100","",
"Peru","PER","Children (ages 0-14) newly infected with HIV","SH.HIV.INCD.14","","","","","","","","","","","","","","","","","","","","","","","","","","","","","","","200","200","500","500","500","500","500","500","500","500","500","500","500","500","500","500","500","500","500","500","500","500","200","500","200","500","500","500","200","200","200","200","200","200","200","",
"Philippines","PHL","Children (ages 0-14) newly infected with HIV","SH.HIV.INCD.14","","","","","","","","","","","","","","","","","","","","","","","","","","","","","","","100","100","100","100","100","100","100","100","100","100","100","100","100","100","100","100","100","100","100","100","100","100","100","100","200","200","200","200","200","200","200","500","500","500","500","",
"Palau","PLW","Children (ages 0-14) newly infected with HIV","SH.HIV.INCD.14","","","","","","","","","","","","","","","","","","","","","","","","","","","","","","","","","","","","","","","","","","","","","","","","","","","","","","","","","","","","","","","","","","",
"Papua New Guinea","PNG","Children (ages 0-14) newly infected with HIV","SH.HIV.INCD.14","","","","","","","","","","","","","","","","","","","","","","","","","","","","","","","500","500","500","500","500","540","630","720","820","920","1000","1100","1200","1300","1400","1500","1500","1600","1600","1700","1800","1800","1800","1900","1900","2000","2100","2100","2200","2200","2400","2500","2600","2600","2700","",
"Poland","POL","Children (ages 0-14) newly infected with HIV","SH.HIV.INCD.14","","","","","","","","","","","","","","","","","","","","","","","","","","","","","","","","","","","","","","","","","","","","","","","","","","","","","","","","","","","","","","","","","","",
"Pre-demographic dividend","PRE","Children (ages 0-14) newly infected with HIV","SH.HIV.INCD.14","","","","","","","","","","","","","","","","","","","","","","","","","","","","","","","","","","","","","","","","","","","","","","","","","","","","","","","","","","","","","","","","","","",
"Puerto Rico (US)","PRI","Children (ages 0-14) newly infected with HIV","SH.HIV.INCD.14","","","","","","","","","","","","","","","","","","","","","","","","","","","","","","","","","","","","","","","","","","","","","","","","","","","","","","","","","","","","","","","","","","",
"Korea, Dem. People's Rep.","PRK","Children (ages 0-14) newly infected with HIV","SH.HIV.INCD.14","","","","","","","","","","","","","","","","","","","","","","","","","","","","","","","","","","","","","","","","","","","","","","","","","","","","","","","","","","","","","","","","","","",
"Portugal","PRT","Children (ages 0-14) newly infected with HIV","SH.HIV.INCD.14","","","","","","","","","","","","","","","","","","","","","","","","","","","","","","","100","100","100","100","100","100","100","100","100","100","100","100","100","100","100","100","100","100","100","100","100","100","100","100","100","100","100","100","100","100","100","100","100","100","100","",
"Paraguay","PRY","Children (ages 0-14) newly infected with HIV","SH.HIV.INCD.14","","","","","","","","","","","","","","","","","","","","","","","","","","","","","","","100","100","100","100","100","100","100","100","100","100","100","100","100","100","100","100","100","100","100","100","100","100","100","100","100","100","100","100","100","100","100","100","100","100","100","",
"West Bank and Gaza","PSE","Children (ages 0-14) newly infected with HIV","SH.HIV.INCD.14","","","","","","","","","","","","","","","","","","","","","","","","","","","","","","","","","","","","","","","","","","","","","","","","","","","","","","","","","","","","","","","","","","",
"Pacific island small states","PSS","Children (ages 0-14) newly infected with HIV","SH.HIV.INCD.14","","","","","","","","","","","","","","","","","","","","","","","","","","","","","","","","","","","","","","","","","","","","","","","","","","","","","","","","","","","","","","","","","","",
"Post-demographic dividend","PST","Children (ages 0-14) newly infected with HIV","SH.HIV.INCD.14","","","","","","","","","","","","","","","","","","","","","","","","","","","","","","","","","","","","","","","","","","","","","","","","","","","","","","","","","","","","","","","","","","",
"French Polynesia","PYF","Children (ages 0-14) newly infected with HIV","SH.HIV.INCD.14","","","","","","","","","","","","","","","","","","","","","","","","","","","","","","","","","","","","","","","","","","","","","","","","","","","","","","","","","","","","","","","","","","",
"Qatar","QAT","Children (ages 0-14) newly infected with HIV","SH.HIV.INCD.14","","","","","","","","","","","","","","","","","","","","","","","","","","","","","","","","","","","","","","","","","","","","","","","","","","","","","","","","","","","","","","","","","","",
"Romania","ROU","Children (ages 0-14) newly infected with HIV","SH.HIV.INCD.14","","","","","","","","","","","","","","","","","","","","","","","","","","","","","","","1600","2000","1800","1500","1100","500","500","200","200","200","200","200","200","200","200","100","100","100","100","100","100","100","100","100","100","100","100","100","100","100","100","100","100","100","100","",
"Russian Federation","RUS","Children (ages 0-14) newly infected with HIV","SH.HIV.INCD.14","","","","","","","","","","","","","","","","","","","","","","","","","","","","","","","","","","","","","","","","","","","","","","","","","","","","","","","","","","","","","","","","","","",
"Rwanda","RWA","Children (ages 0-14) newly infected with HIV","SH.HIV.INCD.14","","","","","","","","","","","","","","","","","","","","","","","","","","","","","","","4600","5300","6100","6700","6800","5100","5700","7000","7700","7500","7300","7100","6800","6300","5500","5100","4600","3700","3000","2500","2300","1100","1200","1100","950","720","640","760","720","500","500","500","500","540","500","",
"South Asia","SAS","Children (ages 0-14) newly infected with HIV","SH.HIV.INCD.14","","","","","","","","","","","","","","","","","","","","","","","","","","","","","","","","","","","","","","","","","","","","","","","","","","","","","","","","","","","","","","","","","","",
"Saudi Arabia","SAU","Children (ages 0-14) newly infected with HIV","SH.HIV.INCD.14","","","","","","","","","","","","","","","","","","","","","","","","","","","","","","","","","","","","","","","","","","","","","","","","","","","","","","","","","","","","","","","","","","",
"Sudan","SDN","Children (ages 0-14) newly infected with HIV","SH.HIV.INCD.14","","","","","","","","","","","","","","","","","","","","","","","","","","","","","","","200","500","500","500","500","500","500","500","500","500","500","500","500","500","500","500","500","500","500","500","500","510","510","530","530","560","580","580","610","640","670","700","730","800","820","",
"Senegal","SEN","Children (ages 0-14) newly infected with HIV","SH.HIV.INCD.14","","","","","","","","","","","","","","","","","","","","","","","","","","","","","","","500","500","500","500","500","590","690","810","930","1000","1100","1100","1100","1100","1000","980","910","790","680","580","620","570","570","500","500","500","500","500","200","200","200","200","500","500","500","",
"Singapore","SGP","Children (ages 0-14) newly infected with HIV","SH.HIV.INCD.14","","","","","","","","","","","","","","","","","","","","","","","","","","","","","","","","","","","","","","","","","","","","","","","","","","","","","","","","","","","","","","","","","","",
"Solomon Islands","SLB","Children (ages 0-14) newly infected with HIV","SH.HIV.INCD.14","","","","","","","","","","","","","","","","","","","","","","","","","","","","","","","","","","","","","","","","","","","","","","","","","","","","","","","","","","","","","","","","","","",
"Sierra Leone","SLE","Children (ages 0-14) newly infected with HIV","SH.HIV.INCD.14","","","","","","","","","","","","","","","","","","","","","","","","","","","","","","","650","830","930","1100","1200","1300","1400","1500","1600","1700","1700","1800","2000","2000","2000","2000","2000","2000","1600","1700","1500","1400","1200","1300","1400","1300","1300","1200","1100","1100","1200","910","1000","740","660","",
"El Salvador","SLV","Children (ages 0-14) newly infected with HIV","SH.HIV.INCD.14","","","","","","","","","","","","","","","","","","","","","","","","","","","","","","","100","100","100","100","100","100","200","200","200","200","200","200","200","100","100","100","100","100","100","100","100","100","100","100","100","100","100","100","100","100","100","100","100","100","100","",
"San Marino","SMR","Children (ages 0-14) newly infected with HIV","SH.HIV.INCD.14","","","","","","","","","","","","","","","","","","","","","","","","","","","","","","","","","","","","","","","","","","","","","","","","","","","","","","","","","","","","","","","","","","",
"Somalia, Fed. Rep.","SOM","Children (ages 0-14) newly infected with HIV","SH.HIV.INCD.14","","","","","","","","","","","","","","","","","","","","","","","","","","","","","","","500","500","500","500","500","500","500","500","500","500","500","500","500","500","500","500","500","500","500","500","500","500","500","500","200","200","200","200","200","200","200","200","100","","","",
"Serbia","SRB","Children (ages 0-14) newly infected with HIV","SH.HIV.INCD.14","","","","","","","","","","","","","","","","","","","","","","","","","","","","","","","","","","","","","","","","","","","","","","","","","","","","","","","","","","","","","","","","","","",
"Sub-Saharan Africa (excluding high income)","SSA","Children (ages 0-14) newly infected with HIV","SH.HIV.INCD.14","","","","","","","","","","","","","","","","","","","","","","","","","","","","","","","","","","","","","","","","","","","","","","","","","","","","","","","","","","","","","","","","","","",
"South Sudan","SSD","Children (ages 0-14) newly infected with HIV","SH.HIV.INCD.14","","","","","","","","","","","","","","","","","","","","","","","","","","","","","","","1300","1600","1900","2300","2600","2900","3100","3300","3500","3600","3700","3700","3800","3800","3900","3800","3800","3800","3800","3800","3400","3400","3400","3200","3200","2400","2600","1600","1100","1400","1300","1400","1300","1100","1100","",
"Sub-Saharan Africa","SSF","Children (ages 0-14) newly infected with HIV","SH.HIV.INCD.14","","","","","","","","","","","","","","","","","","","","","","","","","","","","","","","","","","","","","","","","","","","","","","","","","","","","","","","","","","","","","","","","","","",
"Small states","SST","Children (ages 0-14) newly infected with HIV","SH.HIV.INCD.14","","","","","","","","","","","","","","","","","","","","","","","","","","","","","","","","","","","","","","","","","","","","","","","","","","","","","","","","","","","","","","","","","","",
"Sao Tome and Principe","STP","Children (ages 0-14) newly infected with HIV","SH.HIV.INCD.14","","","","","","","","","","","","","","","","","","","","","","","","","","","","","","","","","","","","","","","","","","","","","","","","","","","","","","","","","","","","","","","","","","",
"Suriname","SUR","Children (ages 0-14) newly infected with HIV","SH.HIV.INCD.14","","","","","","","","","","","","","","","","","","","","","","","","","","","","","","","100","100","100","100","100","100","100","100","100","100","100","100","100","100","100","100","100","100","100","100","100","100","100","100","100","100","100","100","100","100","100","100","100","100","100","",
"Slovak Republic","SVK","Children (ages 0-14) newly infected with HIV","SH.HIV.INCD.14","","","","","","","","","","","","","","","","","","","","","","","","","","","","","","","","","","","","","","","","","","","","","","","","","","","","","","","","","","","","","","","","","","",
"Slovenia","SVN","Children (ages 0-14) newly infected with HIV","SH.HIV.INCD.14","","","","","","","","","","","","","","","","","","","","","","","","","","","","","","","","","","","","","","","","","","","","","","","","","","","","","","","","","","","","","","","","","","",
"Sweden","SWE","Children (ages 0-14) newly infected with HIV","SH.HIV.INCD.14","","","","","","","","","","","","","","","","","","","","","","","","","","","","","","","","","","","","","","","","","","","","","","","","","","","","","","","","","","","","","","","","","","",
"Eswatini","SWZ","Children (ages 0-14) newly infected with HIV","SH.HIV.INCD.14","","","","","","","","","","","","","","","","","","","","","","","","","","","","","","","200","500","730","1200","1700","2100","2500","2900","3200","3500","3700","3800","3900","3900","3900","3800","2800","2800","2800","2100","1600","990","1000","980","1100","890","640","650","500","500","500","500","500","500","500","",
"Sint Maarten (Dutch part)","SXM","Children (ages 0-14) newly infected with HIV","SH.HIV.INCD.14","","","","","","","","","","","","","","","","","","","","","","","","","","","","","","","","","","","","","","","","","","","","","","","","","","","","","","","","","","","","","","","","","","",
"Seychelles","SYC","Children (ages 0-14) newly infected with HIV","SH.HIV.INCD.14","","","","","","","","","","","","","","","","","","","","","","","","","","","","","","","","","","","","","","","","","","","","","","","","","","","","","","","","","","","","","","","","","","",
"Syrian Arab Republic","SYR","Children (ages 0-14) newly infected with HIV","SH.HIV.INCD.14","","","","","","","","","","","","","","","","","","","","","","","","","","","","","","","","","","","","","","","","","","","","","","","","","","","","","","","","","","","","","","","","","","",
"Turks and Caicos Islands","TCA","Children (ages 0-14) newly infected with HIV","SH.HIV.INCD.14","","","","","","","","","","","","","","","","","","","","","","","","","","","","","","","","","","","","","","","","","","","","","","","","","","","","","","","","","","","","","","","","","","",
"Chad","TCD","Children (ages 0-14) newly infected with HIV","SH.HIV.INCD.14","","","","","","","","","","","","","","","","","","","","","","","","","","","","","","","1700","2100","2600","3000","3100","3400","3700","3900","4000","4000","4000","4000","4000","3900","3900","3900","3700","3700","3500","3400","3100","2900","2700","2200","1600","2100","2100","1900","1600","1400","1300","1200","1400","1100","1300","",
"East Asia & Pacific (IDA & IBRD countries)","TEA","Children (ages 0-14) newly infected with HIV","SH.HIV.INCD.14","","","","","","","","","","","","","","","","","","","","","","","","","","","","","","","","","","","","","","","","","","","","","","","","","","","","","","","","","","","","","","","","","","",
"Europe & Central Asia (IDA & IBRD countries)","TEC","Children (ages 0-14) newly infected with HIV","SH.HIV.INCD.14","","","","","","","","","","","","","","","","","","","","","","","","","","","","","","","","","","","","","","","","","","","","","","","","","","","","","","","","","","","","","","","","","","",
"Togo","TGO","Children (ages 0-14) newly infected with HIV","SH.HIV.INCD.14","","","","","","","","","","","","","","","","","","","","","","","","","","","","","","","710","930","1200","1500","1700","2000","2300","2600","2700","2800","2900","2800","2800","2700","2700","2600","2500","2500","2200","2100","1800","1000","840","730","660","770","720","880","710","660","760","740","680","630","530","",
"Thailand","THA","Children (ages 0-14) newly infected with HIV","SH.HIV.INCD.14","","","","","","","","","","","","","","","","","","","","","","","","","","","","","","","1500","2600","3700","4600","5300","5800","6200","6500","6600","6500","5700","5300","4800","4300","2500","1900","1700","1400","1200","910","720","520","500","500","500","200","100","100","100","100","100","100","100","100","100","",
"Tajikistan","TJK","Children (ages 0-14) newly infected with HIV","SH.HIV.INCD.14","","","","","","","","","","","","","","","","","","","","","","","","","","","","","","","100","100","100","100","100","100","100","100","100","100","100","100","100","100","100","100","100","200","200","200","200","200","200","200","200","200","200","200","100","100","100","100","100","100","100","",
"Turkmenistan","TKM","Children (ages 0-14) newly infected with HIV","SH.HIV.INCD.14","","","","","","","","","","","","","","","","","","","","","","","","","","","","","","","","","","","","","","","","","","","","","","","","","","","","","","","","","","","","","","","","","","",
"Latin America & the Caribbean (IDA & IBRD countries)","TLA","Children (ages 0-14) newly infected with HIV","SH.HIV.INCD.14","","","","","","","","","","","","","","","","","","","","","","","","","","","","","","","","","","","","","","","","","","","","","","","","","","","","","","","","","","","","","","","","","","",
"Timor-Leste","TLS","Children (ages 0-14) newly infected with HIV","SH.HIV.INCD.14","","","","","","","","","","","","","","","","","","","","","","","","","","","","","","","","","","","","","","","","","","","","","","","","","","","","","","","","","","","","","","","","","","",
"Middle East, North Africa, Afghanistan & Pakistan (IDA & IBRD)","TMN","Children (ages 0-14) newly infected with HIV","SH.HIV.INCD.14","","","","","","","","","","","","","","","","","","","","","","","","","","","","","","","","","","","","","","","","","","","","","","","","","","","","","","","","","","","","","","","","","","",
"Tonga","TON","Children (ages 0-14) newly infected with HIV","SH.HIV.INCD.14","","","","","","","","","","","","","","","","","","","","","","","","","","","","","","","","","","","","","","","","","","","","","","","","","","","","","","","","","","","","","","","","","","",
"South Asia (IDA & IBRD)","TSA","Children (ages 0-14) newly infected with HIV","SH.HIV.INCD.14","","","","","","","","","","","","","","","","","","","","","","","","","","","","","","","","","","","","","","","","","","","","","","","","","","","","","","","","","","","","","","","","","","",
"Sub-Saharan Africa (IDA & IBRD countries)","TSS","Children (ages 0-14) newly infected with HIV","SH.HIV.INCD.14","","","","","","","","","","","","","","","","","","","","","","","","","","","","","","","","","","","","","","","","","","","","","","","","","","","","","","","","","","","","","","","","","","",
"Trinidad and Tobago","TTO","Children (ages 0-14) newly infected with HIV","SH.HIV.INCD.14","","","","","","","","","","","","","","","","","","","","","","","","","","","","","","","","","","","","","","","","","","","","","","","","","","","","","","","","","","","","","","","","","","",
"Tunisia","TUN","Children (ages 0-14) newly infected with HIV","SH.HIV.INCD.14","","","","","","","","","","","","","","","","","","","","","","","","","","","","","","","100","100","100","100","100","100","100","100","100","100","100","100","100","100","100","100","100","100","100","100","100","100","100","100","100","100","100","100","100","100","100","100","100","100","100","",
"Turkiye","TUR","Children (ages 0-14) newly infected with HIV","SH.HIV.INCD.14","","","","","","","","","","","","","","","","","","","","","","","","","","","","","","","","","","","","","","","","","","","","","","","","","","","","","","","","","","","","","","","","","","",
"Tuvalu","TUV","Children (ages 0-14) newly infected with HIV","SH.HIV.INCD.14","","","","","","","","","","","","","","","","","","","","","","","","","","","","","","","","","","","","","","","","","","","","","","","","","","","","","","","","","","","","","","","","","","",
"Tanzania","TZA","Children (ages 0-14) newly infected with HIV","SH.HIV.INCD.14","","","","","","","","","","","","","","","","","","","","","","","","","","","","","","","23000","26000","28000","30000","31000","32000","33000","33000","33000","32000","32000","31000","30000","30000","29000","27000","26000","21000","20000","15000","13000","12000","9000","9200","10000","11000","12000","9000","8000","7600","7000","7900","7600","5600","5100","",
"Uganda","UGA","Children (ages 0-14) newly infected with HIV","SH.HIV.INCD.14","","","","","","","","","","","","","","","","","","","","","","","","","","","","","","","31000","32000","32000","32000","31000","31000","31000","31000","30000","30000","30000","30000","30000","29000","28000","28000","27000","25000","22000","21000","20000","16000","11000","12000","12000","12000","11000","9600","7300","6900","6400","6100","6800","5400","4700","",
"Ukraine","UKR","Children (ages 0-14) newly infected with HIV","SH.HIV.INCD.14","","","","","","","","","","","","","","","","","","","","","","","","","","","","","","","","","","","","","","","","","","","","","","","","","","","","","","","","","","","","","","","","","","",
"Upper middle income","UMC","Children (ages 0-14) newly infected with HIV","SH.HIV.INCD.14","","","","","","","","","","","","","","","","","","","","","","","","","","","","","","","","","","","","","","","","","","","","","","","","","","","","","","","","","","","","","","","","","","",
"Uruguay","URY","Children (ages 0-14) newly infected with HIV","SH.HIV.INCD.14","","","","","","","","","","","","","","","","","","","","","","","","","","","","","","","","","","","","","","","","","","","","","","","","","","","","","","","","","","","","","","","","","","",
"United States","USA","Children (ages 0-14) newly infected with HIV","SH.HIV.INCD.14","","","","","","","","","","","","","","","","","","","","","","","","","","","","","","","","","","","","","","","","","","","","","","","","","","","","","","","","","","","","","","","","","","",
"Uzbekistan","UZB","Children (ages 0-14) newly infected with HIV","SH.HIV.INCD.14","","","","","","","","","","","","","","","","","","","","","","","","","","","","","","","","","","","","","","","","","","","","","","","","","","","","","","","","","","","","","","","","","","",
"St. Vincent and the Grenadines","VCT","Children (ages 0-14) newly infected with HIV","SH.HIV.INCD.14","","","","","","","","","","","","","","","","","","","","","","","","","","","","","","","","","","","","","","","","","","","","","","","","","","","","","","","","","","","","","","","","","","",
"Venezuela, RB","VEN","Children (ages 0-14) newly infected with HIV","SH.HIV.INCD.14","","","","","","","","","","","","","","","","","","","","","","","","","","","","","","","100","200","200","200","200","500","500","500","500","500","540","580","740","870","960","1000","890","800","740","710","660","640","590","550","510","500","500","500","500","500","500","500","500","500","500","",
"British Virgin Islands","VGB","Children (ages 0-14) newly infected with HIV","SH.HIV.INCD.14","","","","","","","","","","","","","","","","","","","","","","","","","","","","","","","","","","","","","","","","","","","","","","","","","","","","","","","","","","","","","","","","","","",
"Virgin Islands (U.S.)","VIR","Children (ages 0-14) newly infected with HIV","SH.HIV.INCD.14","","","","","","","","","","","","","","","","","","","","","","","","","","","","","","","","","","","","","","","","","","","","","","","","","","","","","","","","","","","","","","","","","","",
"Viet Nam","VNM","Children (ages 0-14) newly infected with HIV","SH.HIV.INCD.14","","","","","","","","","","","","","","","","","","","","","","","","","","","","","","","100","100","100","100","100","200","200","500","500","500","500","500","500","510","550","540","500","500","500","500","500","500","500","500","500","520","500","500","500","500","500","500","500","500","200","",
"Vanuatu","VUT","Children (ages 0-14) newly infected with HIV","SH.HIV.INCD.14","","","","","","","","","","","","","","","","","","","","","","","","","","","","","","","","","","","","","","","","","","","","","","","","","","","","","","","","","","","","","","","","","","",
"World","WLD","Children (ages 0-14) newly infected with HIV","SH.HIV.INCD.14","","","","","","","","","","","","","","","","","","","","","","","","","","","","","","","300000","350000","400000","440000","480000","510000","540000","550000","560000","570000","560000","560000","550000","540000","520000","490000","460000","410000","370000","340000","310000","280000","240000","230000","210000","200000","200000","180000","170000","160000","150000","150000","140000","120000","120000","",
"Samoa","WSM","Children (ages 0-14) newly infected with HIV","SH.HIV.INCD.14","","","","","","","","","","","","","","","","","","","","","","","","","","","","","","","","","","","","","","","","","","","","","","","","","","","","","","","","","","","","","","","","","","",
"Kosovo","XKX","Children (ages 0-14) newly infected with HIV","SH.HIV.INCD.14","","","","","","","","","","","","","","","","","","","","","","","","","","","","","","","","","","","","","","","","","","","","","","","","","","","","","","","","","","","","","","","","","","",
"Yemen, Rep.","YEM","Children (ages 0-14) newly infected with HIV","SH.HIV.INCD.14","","","","","","","","","","","","","","","","","","","","","","","","","","","","","","","100","100","100","100","100","100","100","100","100","100","100","100","100","100","100","100","100","100","100","100","100","100","100","100","200","200","200","200","200","200","200","200","200","200","200","",
"South Africa","ZAF","Children (ages 0-14) newly infected with HIV","SH.HIV.INCD.14","","","","","","","","","","","","","","","","","","","","","","","","","","","","","","","8500","13000","19000","26000","33000","41000","49000","56000","62000","69000","73000","76000","78000","80000","82000","77000","69000","61000","49000","35000","25000","19000","17000","15000","13000","12000","12000","12000","11000","9700","9000","8600","7900","7200","6600","",
"Zambia","ZMB","Children (ages 0-14) newly infected with HIV","SH.HIV.INCD.14","","","","","","","","","","","","","","","","","","","","","","","","","","","","","","","15000","17000","19000","20000","21000","22000","22000","23000","23000","23000","22000","22000","22000","22000","20000","17000","16000","15000","13000","12000","12000","11000","11000","10000","9400","10000","9500","8600","8100","5500","4700","5000","4800","3900","3000","",
"Zimbabwe","ZWE","Children (ages 0-14) newly infected with HIV","SH.HIV.INCD.14","","","","","","","","","","","","","","","","","","","","","","","","","","","","","","","33000","37000","40000","42000","44000","43000","44000","43000","43000","42000","40000","38000","35000","32000","30000","27000","26000","24000","22000","21000","18000","16000","10000","10000","8900","8800","7400","5900","5000","4500","4300","4500","4000","3200","2800","",
