Region,Region code,Province,Province code,Notes,"2015*_Annual Per Capita Poverty Threshold 
(in Pesos)","2018_Annual Per Capita Poverty Threshold 
(in Pesos)",2015* Estimate_Poverty Incidence among Families (%),2018 Estimate_Poverty Incidence among Families (%),2015*_CV,2018_CV,2015*_Standard Error ,2018_Standard Error ,2015*_90% CI_Lower limit,2015*_90% CI_Upper limit,2018_90% CI_Lower limit,2018_90% CI_Upper limit,"2015*_Estimate_Magnitude of Poor Families
(in thousands)","2018_Estimate_Magnitude of Poor Families
(in thousands)",2015*_Standard Error,2018_Standard Error,2015*_90% CI_Lower limit ,2015*_90% CI_Upper limit ,2018_90% CI_Lower limit ,2018_90% CI_Upper limit 
NATIONAL CAPITAL REGION (NCR),PH130000000,"NCR, CITY OF MANILA, FIRST DISTRICT (Not a Province)",PH133900000,"b/,c/","25,188","28,682",3.6,1.9,25.4,30.8,0.9,0.6,2.1,5.1,1.0,2.9,13.6,9.0,3.7,2.8,7.5,19.8,4.3,13.7
NATIONAL CAPITAL REGION (NCR),PH130000000,"NCR, SECOND DISTRICT (Not a Province)",PH137400000,"b/,c/","25,188","28,682",1.9,1.4,20.6,20.1,0.4,0.3,1.3,2.6,1.0,1.9,22.3,16.5,5.1,3.4,13.9,30.6,10.9,22.0
NATIONAL CAPITAL REGION (NCR),PH130000000,"NCR, THIRD DISTRICT (Not a Province)",PH137500000,c/,"25,188","28,682",3.4,2.3,21.0,13.4,0.7,0.3,2.2,4.6,1.8,2.8,24.0,15.8,5.2,2.3,15.5,32.5,12.0,19.6
NATIONAL CAPITAL REGION (NCR),PH130000000,"NCR, FOURTH DISTRICT (Not a Province)",PH137600000,,"25,188","28,682",3.1,0.7,19.6,14.3,0.6,0.1,2.1,4.1,0.5,0.9,26.2,7.2,5.5,1.0,17.1,35.3,5.5,8.9
CORDILLERA ADMINISTRATIVE REGION (CAR),PH140000000,ABRA,PH140100000,,"21,294","23,595",19.9,15.0,14.8,8.6,2.9,1.3,15.1,24.7,12.9,17.1,12.2,8.4,3.7,0.8,6.1,18.3,7.1,9.7
CORDILLERA ADMINISTRATIVE REGION (CAR),PH140000000,APAYAO,PH148100000,c/,"23,310","23,135",38.1,16.0,24.5,13.8,9.3,2.2,22.7,53.4,12.3,19.6,8.4,4.3,3.7,0.7,2.3,14.5,3.1,5.4
CORDILLERA ADMINISTRATIVE REGION (CAR),PH140000000,BENGUET,PH141100000,c/,"21,776","24,136",2.5,4.3,23.6,14.0,0.6,0.6,1.5,3.5,3.3,5.3,4.7,9.2,1.3,1.3,2.5,6.9,7.0,11.3
CORDILLERA ADMINISTRATIVE REGION (CAR),PH140000000,IFUGAO,PH142700000,,"25,133","26,424",34.9,9.8,20.0,15.2,7.0,1.5,23.5,46.4,7.4,12.3,14.7,4.4,4.9,0.7,6.6,22.7,3.3,5.5
CORDILLERA ADMINISTRATIVE REGION (CAR),PH140000000,KALINGA,PH143200000,,"21,348","24,193",34.5,9.3,16.3,12.4,5.6,1.2,25.2,43.7,7.4,11.2,14.6,4.1,4.8,0.5,6.7,22.5,3.2,4.9
CORDILLERA ADMINISTRATIVE REGION (CAR),PH140000000,MOUNTAIN PROVINCE,PH144400000,,"24,536","27,726",33.1,17.2,17.3,10.3,5.7,1.8,23.7,42.6,14.3,20.1,12.8,6.3,4.5,0.6,5.5,20.2,5.3,7.4
REGION I (ILOCOS REGION),PH010000000,ILOCOS NORTE,PH012800000,"b/,c/","23,505","26,669",5.2,3.2,33.6,21.9,1.8,0.7,2.3,8.1,2.0,4.4,7.6,4.7,3.2,1.0,2.4,12.8,3.0,6.4
REGION I (ILOCOS REGION),PH010000000,ILOCOS SUR,PH012900000,c/,"23,555","24,408",10.8,5.4,24.4,13.9,2.6,0.7,6.5,15.1,4.1,6.6,17.1,8.8,5.9,1.3,7.4,26.7,6.8,10.9
REGION I (ILOCOS REGION),PH010000000,LA UNION,PH013300000,c/,"21,893","22,435",13.5,2.9,20.4,19.5,2.8,0.6,9.0,18.1,2.0,3.8,29.9,5.5,8.5,1.1,15.9,43.9,3.7,7.3
REGION I (ILOCOS REGION),PH010000000,PANGASINAN,PH015500000,,"22,716","27,760",17.0,9.2,9.8,12.1,1.7,1.1,14.3,19.7,7.3,11.0,106.7,65.2,15.6,8.0,81.0,132.4,52.1,78.3
REGION II (CAGAYAN VALLEY),PH020000000,BATANES,PH020900000,a/ ,"31,422","37,419",10.0,6.6,0.0,15.9,0.0,1.1,10.0,10.0,4.9,8.4,0.4,0.3,0.4,0.1,0.0,1.0,0.2,0.5
REGION II (CAGAYAN VALLEY),PH020000000,CAGAYAN,PH021500000,,"21,445","24,743",13.7,12.6,13.7,9.6,1.9,1.2,10.6,16.8,10.6,14.6,36.7,36.0,7.8,3.5,23.9,49.6,30.3,41.8
REGION II (CAGAYAN VALLEY),PH020000000,ISABELA,PH023100000,,"23,308","25,390",12.3,12.9,11.1,10.9,1.4,1.4,10.0,14.5,10.6,15.2,48.9,50.8,8.3,5.9,35.3,62.5,41.1,60.6
REGION II (CAGAYAN VALLEY),PH020000000,NUEVA VIZCAYA,PH025000000,c/,"23,114","24,709",10.5,11.4,26.2,13.0,2.7,1.5,5.9,15.0,9.0,13.8,9.6,13.9,3.6,1.7,3.7,15.5,11.1,16.7
REGION II (CAGAYAN VALLEY),PH020000000,QUIRINO,PH025700000,c/,"21,602","23,508",20.3,8.9,27.0,11.6,5.5,1.0,11.3,29.3,7.2,10.5,8.8,4.0,4.2,0.5,1.9,15.6,3.3,4.8
REGION III (CENTRAL LUZON),PH030000000,AURORA,PH037700000,a/ ,"22,665","25,173",27.3,11.5,13.3,11.9,3.6,1.4,21.3,33.3,9.2,13.8,16.2,6.0,9.7,0.7,0.2,32.2,4.8,7.2
REGION III (CENTRAL LUZON),PH030000000,BATAAN,PH030800000,c/,"23,127","29,176",0.8,5.7,97.1,14.6,0.8,0.8,0.0,2.1,4.4,7.1,1.4,10.8,1.4,1.6,0.0,3.7,8.2,13.3
REGION III (CENTRAL LUZON),PH030000000,BULACAN,PH031400000,c/,"21,107","27,077",3.0,3.5,21.3,19.1,0.6,0.7,1.9,4.0,2.4,4.5,22.7,28.0,5.5,5.7,13.7,31.8,18.7,37.3
REGION III (CENTRAL LUZON),PH030000000,NUEVA ECIJA,PH034900000,,"22,885","25,377",16.5,6.5,12.9,13.2,2.1,0.9,13.0,20.0,5.1,7.9,96.1,34.8,19.7,4.7,63.7,128.5,27.0,42.6
REGION III (CENTRAL LUZON),PH030000000,PAMPANGA,PH035400000,"b/,c/","21,409","26,484",2.6,1.9,23.0,30.9,0.6,0.6,1.6,3.6,1.0,2.9,13.6,12.7,3.7,4.0,7.5,19.7,6.1,19.4
REGION III (CENTRAL LUZON),PH030000000,TARLAC,PH036900000,,"22,300","25,190",13.2,7.6,13.8,11.0,1.8,0.8,10.2,16.2,6.2,8.9,40.8,24.8,9.5,2.9,25.2,56.4,20.0,29.5
REGION III (CENTRAL LUZON),PH030000000,ZAMBALES,PH037100000,,"26,983","29,747",12.3,10.6,18.9,10.6,2.3,1.1,8.5,16.1,8.8,12.5,18.7,22.6,6.0,2.5,8.9,28.5,18.5,26.7
REGION IV-A (CALABARZON),PH040000000,BATANGAS,PH041000000,,"29,923","32,903",16.9,8.4,13.8,13.0,2.3,1.1,13.1,20.8,6.6,10.2,104.1,57.2,20.7,8.1,70.1,138.1,43.9,70.6
REGION IV-A (CALABARZON),PH040000000,CAVITE,PH042100000,,"27,387","29,175",6.1,3.7,17.3,18.3,1.1,0.7,4.4,7.9,2.6,4.8,51.3,36.8,11.5,7.1,32.3,70.3,25.1,48.5
REGION IV-A (CALABARZON),PH040000000,LAGUNA,PH043400000,"b/, c/","21,245","23,688",3.6,2.7,25.9,20.1,0.9,0.5,2.1,5.2,1.8,3.6,30.2,23.2,8.6,4.7,16.1,44.3,15.5,31.0
REGION IV-A (CALABARZON),PH040000000,QUEZON,PH045600000,,"20,947","22,790",18.4,9.3,14.0,14.7,2.6,1.4,14.2,22.7,7.1,11.6,98.9,48.2,19.9,7.3,66.2,131.7,36.3,60.1
REGION IV-A (CALABARZON),PH040000000,RIZAL,PH045800000,,"25,126","28,647",4.1,3.3,19.2,17.1,0.8,0.6,2.8,5.4,2.4,4.3,23.5,23.7,5.1,4.2,15.1,31.8,16.8,30.5
MIMAROPA REGION,PH170000000,MARINDUQUE,PH174000000,c/,"19,951","24,054",12.5,10.0,29.2,10.6,3.6,1.1,6.5,18.4,8.2,11.7,9.5,5.6,3.9,0.6,3.1,16.0,4.6,6.6
MIMAROPA REGION,PH170000000,OCCIDENTAL MINDORO,PH175100000,c/,"20,064","21,255",30.5,16.1,21.9,13.1,6.7,2.1,19.5,41.5,12.6,19.5,31.2,19.3,10.8,2.7,13.4,49.1,14.9,23.8
MIMAROPA REGION,PH170000000,ORIENTAL MINDORO,PH175200000,c/,"20,237","24,147",14.7,7.2,21.0,18.3,3.1,1.3,9.6,19.8,5.0,9.3,28.0,14.4,7.1,2.7,16.3,39.7,10.0,18.8
MIMAROPA REGION,PH170000000,PALAWAN,PH175300000,c/,"19,709","23,448",12.6,8.4,21.9,12.7,2.8,1.1,8.1,17.2,6.7,10.2,29.3,24.2,7.7,3.2,16.6,42.0,19.1,29.4
MIMAROPA REGION,PH170000000,ROMBLON,PH175900000,,"21,843","24,069",28.7,19.6,17.0,8.8,4.9,1.7,20.7,36.7,16.7,22.4,23.5,14.1,8.0,1.4,10.3,36.6,11.9,16.3
REGION V (BICOL REGION),PH050000000,ALBAY,PH050500000,,"22,261","24,783",18.3,14.8,12.9,9.9,2.4,1.5,14.4,22.2,12.4,17.2,50.9,42.9,10.6,4.4,33.4,68.4,35.7,50.2
REGION V (BICOL REGION),PH050000000,CAMARINES NORTE,PH051600000,,"23,863","24,994",34.4,22.4,15.0,7.1,5.2,1.6,25.9,43.0,19.8,25.0,44.9,30.9,13.7,2.5,22.4,67.4,26.8,35.0
REGION V (BICOL REGION),PH050000000,CAMARINES SUR,PH051700000,,"22,789","24,209",28.5,20.6,9.6,8.6,2.7,1.8,24.0,33.0,17.7,23.5,106.5,86.9,18.3,7.8,76.4,136.5,74.1,99.7
REGION V (BICOL REGION),PH050000000,CATANDUANES,PH052000000,,"21,668","24,380",33.6,14.4,12.3,8.7,4.1,1.2,26.8,40.4,12.3,16.4,19.3,8.2,7.3,0.8,7.4,31.2,7.0,9.4
REGION V (BICOL REGION),PH050000000,MASBATE,PH054100000,,"20,406","22,907",35.5,25.8,11.0,7.5,3.9,1.9,29.1,42.0,22.6,29.0,67.2,51.1,16.1,4.2,40.8,93.6,44.2,58.0
REGION V (BICOL REGION),PH050000000,SORSOGON,PH056200000,,"23,065","26,025",45.5,19.5,10.8,8.1,4.9,1.6,37.4,53.6,16.9,22.1,85.8,34.2,20.5,3.0,52.0,119.6,29.3,39.2
REGION VI (WESTERN VISAYAS),PH060000000,AKLAN,PH060400000,c/,"22,184","23,730",12.0,8.8,29.8,14.0,3.6,1.2,6.1,17.8,6.7,10.8,12.8,12.6,5.4,1.8,4.0,21.7,9.6,15.6
REGION VI (WESTERN VISAYAS),PH060000000,ANTIQUE,PH060600000,c/,"20,626","23,953",18.4,13.2,30.4,10.4,5.6,1.4,9.2,27.6,10.9,15.5,20.7,18.2,9.2,1.9,5.7,35.8,15.1,21.2
REGION VI (WESTERN VISAYAS),PH060000000,CAPIZ,PH061900000,c/,"20,866","22,651",7.0,4.1,43.4,15.5,3.0,0.6,2.0,12.0,3.1,5.1,14.2,7.9,7.0,1.2,2.6,25.8,5.9,9.9
REGION VI (WESTERN VISAYAS),PH060000000,GUIMARAS,PH067900000,"a/, c/","23,327","25,855",4.8,6.6,81.5,17.7,3.9,1.2,0.0,11.3,4.7,8.5,1.6,2.9,1.0,0.5,0.0,3.3,2.0,3.8
REGION VI (WESTERN VISAYAS),PH060000000,ILOILO,PH063000000,,"22,786","26,071",16.2,12.0,12.5,9.6,2.0,1.1,12.8,19.5,10.1,13.8,95.4,68.3,17.0,6.7,67.4,123.4,57.2,79.3
REGION VI (WESTERN VISAYAS),PH060000000,NEGROS OCCIDENTAL,PH064500000,,"21,573","23,712",25.5,14.6,9.8,10.5,2.5,1.5,21.3,29.6,12.1,17.2,170.6,109.0,24.7,12.3,130.0,211.2,88.7,129.2
REGION VII (CENTRAL VISAYAS),PH070000000,BOHOL,PH071200000,,"22,570","26,091",25.0,15.2,12.8,10.0,3.2,1.5,19.7,30.2,12.7,17.7,70.5,46.7,15.4,4.6,45.2,95.8,39.0,54.3
REGION VII (CENTRAL VISAYAS),PH070000000,CEBU,PH072200000,,"23,030","25,857",19.8,11.1,7.8,9.3,1.6,1.0,17.3,22.4,9.4,12.8,202.3,131.5,24.8,12.5,161.5,243.0,111.0,152.1
REGION VII (CENTRAL VISAYAS),PH070000000,NEGROS ORIENTAL,PH074600000,,"22,042","25,039",36.1,19.2,10.9,9.7,4.0,1.9,29.6,42.6,16.1,22.3,131.0,62.5,25.6,6.7,88.8,173.2,51.4,73.5
REGION VII (CENTRAL VISAYAS),PH070000000,SIQUIJOR,PH076100000,a/ b/ ,"21,380","25,626",47.0,7.2,9.9,20.2,4.6,1.5,39.4,54.6,4.8,9.6,16.5,1.7,8.6,0.4,2.4,30.5,1.1,2.3
REGION VIII (EASTERN VISAYAS),PH080000000,BILIRAN,PH087800000,c/,"21,372","24,216",17.4,13.8,22.1,9.6,3.9,1.3,11.1,23.8,11.6,15.9,8.3,5.7,3.3,0.6,2.8,13.8,4.7,6.6
REGION VIII (EASTERN VISAYAS),PH080000000,EASTERN SAMAR,PH082600000,,"25,358","29,070",42.4,40.9,17.2,5.2,7.3,2.1,30.4,54.3,37.4,44.5,43.4,48.1,13.6,3.2,21.0,65.7,42.9,53.2
REGION VIII (EASTERN VISAYAS),PH080000000,LEYTE,PH083700000,,"21,397","23,583",25.1,21.9,9.5,6.8,2.4,1.5,21.1,29.0,19.4,24.3,119.4,108.0,18.5,8.6,89.0,149.7,93.9,122.1
REGION VIII (EASTERN VISAYAS),PH080000000,NORTHERN SAMAR,PH084800000,,"22,676","25,949",51.5,27.4,11.3,7.4,5.8,2.0,42.0,61.0,24.1,30.7,61.9,36.8,17.0,2.9,34.0,89.9,32.0,41.6
REGION VIII (EASTERN VISAYAS),PH080000000,SOUTHERN LEYTE,PH086400000,,"23,932","25,718",32.7,17.2,13.6,8.5,4.4,1.5,25.4,40.0,14.8,19.6,29.6,16.3,9.5,1.4,14.0,45.2,13.9,18.6
REGION VIII (EASTERN VISAYAS),PH080000000,SAMAR (WESTERN SAMAR),PH086000000,,"21,298","23,131",41.8,22.1,13.9,8.9,5.8,2.0,32.3,51.4,18.9,25.3,62.4,39.1,16.2,3.8,35.7,89.1,32.8,45.3
REGION IX (ZAMBOANGA PENINSULA),PH090000000,ZAMBOANGA DEL NORTE,PH097200000,,"24,303","28,428",50.8,36.8,8.1,7.4,4.1,2.7,44.0,57.6,32.3,41.2,118.8,86.8,21.1,6.5,84.1,153.6,76.0,97.5
REGION IX (ZAMBOANGA PENINSULA),PH090000000,ZAMBOANGA DEL SUR,PH097300000,,"20,403","23,979",18.8,17.6,12.4,7.5,2.3,1.3,14.9,22.6,15.4,19.7,77.8,74.7,14.1,6.1,54.6,101.0,64.6,84.8
REGION IX (ZAMBOANGA PENINSULA),PH090000000,ZAMBOANGA SIBUGAY,PH098300000,,"21,360","23,041",27.9,27.1,10.5,7.9,2.9,2.1,23.1,32.8,23.6,30.6,32.8,41.3,8.4,3.5,19.1,46.6,35.6,47.0
REGION IX (ZAMBOANGA PENINSULA),PH090000000,CITY OF ISABELA (Not a Province),PH099700000,"a/,c/","22,448","25,708",22.2,40.6,45.2,8.9,10.1,3.6,5.7,38.8,34.7,46.6,7.4,10.0,5.2,1.3,0.0,16.0,7.9,12.1
REGION X (NORTHERN MINDANAO),PH100000000,BUKIDNON,PH101300000,,"23,836","25,603",47.1,22.2,6.6,7.5,3.1,1.7,42.0,52.3,19.4,24.9,138.2,73.1,24.8,5.7,97.4,179.0,63.7,82.5
REGION X (NORTHERN MINDANAO),PH100000000,CAMIGUIN,PH101800000,"a/, c/","23,801","25,837",33.9,17.3,29.5,10.0,10.0,1.7,17.4,50.3,14.5,20.2,8.1,3.7,4.4,0.4,0.9,15.2,3.1,4.3
REGION X (NORTHERN MINDANAO),PH100000000,LANAO DEL NORTE,PH103500000,,"22,377","24,494",37.3,19.0,14.1,6.9,5.3,1.3,28.7,46.0,16.9,21.2,76.6,44.3,18.9,3.2,45.5,107.7,39.1,49.5
REGION X (NORTHERN MINDANAO),PH100000000,MISAMIS OCCIDENTAL,PH104200000,,"22,261","24,435",36.8,19.3,10.3,9.0,3.8,1.7,30.5,43.1,16.5,22.2,45.5,27.1,11.8,2.6,26.0,64.9,22.8,31.4
REGION X (NORTHERN MINDANAO),PH100000000,MISAMIS ORIENTAL,PH104300000,,"21,967","24,003",16.4,11.4,12.6,7.6,2.1,0.9,13.0,19.7,9.9,12.8,64.9,45.1,13.3,3.7,43.0,86.8,39.0,51.1
REGION XI (DAVAO REGION),PH110000000,DAVAO DEL NORTE,PH112300000,,"23,807","27,031",24.3,10.2,16.6,13.4,4.0,1.4,17.7,31.0,8.0,12.5,50.0,24.9,11.5,3.6,31.1,68.8,18.9,30.8
REGION XI (DAVAO REGION),PH110000000,DAVAO DEL SUR,PH112400000,,"23,311","25,965",9.9,8.1,16.7,14.4,1.7,1.2,7.2,12.6,6.2,10.0,61.5,51.4,11.0,8.1,43.4,79.5,38.0,64.7
REGION XI (DAVAO REGION),PH110000000,DAVAO ORIENTAL,PH112500000,,"22,889","26,299",22.5,27.7,16.2,6.8,3.6,1.9,16.5,28.5,24.6,30.8,27.5,21.5,8.0,1.7,14.4,40.7,18.8,24.3
REGION XI (DAVAO REGION),PH110000000,DAVAO DE ORO (COMPOSTELA VALLEY),PH118200000,,"22,153","25,793",20.8,18.5,12.7,8.5,2.6,1.6,16.4,25.2,15.9,21.1,30.5,33.1,7.5,3.2,18.2,42.8,27.9,38.3
REGION XI (DAVAO REGION),PH110000000,DAVAO OCCIDENTAL,PH118600000,,"22,809","25,063",51.1,30.9,13.1,6.9,6.7,2.1,40.1,62.0,27.4,34.4,42.0,45.5,10.3,3.4,25.1,59.0,40.0,51.1
REGION XII (SOCCSKSARGEN),PH120000000,COTABATO (NORTH COTABATO),PH124700000,,"21,170","25,015",36.5,23.5,9.1,10.6,3.3,2.5,31.1,42.0,19.4,27.6,115.2,82.9,23.3,9.0,76.8,153.5,68.1,97.6
REGION XII (SOCCSKSARGEN),PH120000000,SARANGANI,PH128000000,,"20,099","23,068",45.6,36.0,11.9,9.0,5.4,3.3,36.7,54.5,30.7,41.4,47.3,48.2,13.2,5.0,25.7,69.0,40.0,56.4
REGION XII (SOCCSKSARGEN),PH120000000,SOUTH COTABATO,PH126300000,,"21,342","25,216",18.3,13.7,12.8,10.9,2.3,1.5,14.5,22.1,11.2,16.1,74.5,53.8,13.4,6.2,52.4,96.6,43.7,64.0
REGION XII (SOCCSKSARGEN),PH120000000,SULTAN KUDARAT,PH126500000,,"21,222","23,751",41.2,24.2,18.1,8.2,7.5,2.0,28.9,53.5,20.9,27.5,74.9,46.3,22.1,4.3,38.6,111.3,39.2,53.4
REGION XII (SOCCSKSARGEN),PH120000000,COTABATO CITY (Not a Province),PH129800000,c/,"25,581","30,543",38.5,35.5,22.4,6.9,8.6,2.5,24.3,52.7,31.5,39.6,16.4,21.0,6.7,2.1,5.3,27.5,17.6,24.5
REGION XIII (Caraga),PH160000000,AGUSAN DEL NORTE,PH160200000,,"20,398","23,957",25.6,19.4,14.3,6.2,3.7,1.2,19.6,31.6,17.4,21.4,41.3,32.4,9.2,2.4,26.2,56.4,28.4,36.3
REGION XIII (Caraga),PH160000000,AGUSAN DEL SUR,PH160300000,,"23,003","24,567",37.0,30.4,10.2,7.2,3.8,2.2,30.8,43.2,26.8,34.0,50.6,50.2,10.1,4.0,33.9,67.2,43.7,56.7
REGION XIII (Caraga),PH160000000,SURIGAO DEL NORTE,PH166700000,,"24,652","28,170",28.8,27.4,12.0,6.7,3.5,1.8,23.1,34.5,24.4,30.4,32.8,32.5,9.3,2.3,17.5,48.1,28.7,36.2
REGION XIII (Caraga),PH160000000,SURIGAO DEL SUR,PH166800000,,"22,872","24,801",32.3,19.0,10.5,8.9,3.4,1.7,26.7,37.8,16.2,21.8,42.9,26.4,9.0,2.5,28.1,57.7,22.3,30.6
REGION XIII (Caraga),PH160000000,DINAGAT ISLANDS,PH168500000,c/,"24,257","26,408",34.6,26.6,21.4,10.3,7.4,2.7,22.4,46.8,22.1,31.1,10.2,7.9,4.9,0.8,2.2,18.3,6.5,9.3
AUTONOMOUS REGION IN MUSLIM MINDANAO (ARMM),PH150000000,BASILAN,PH150700000,,"21,472","26,738",35.6,65.7,18.1,3.4,6.5,2.3,25.0,46.3,62.0,69.4,14.1,41.6,5.8,3.2,4.5,23.7,36.3,46.8
AUTONOMOUS REGION IN MUSLIM MINDANAO (ARMM),PH150000000,LANAO DEL SUR,PH153600000,,"24,388","29,195",72.0,64.1,5.6,3.7,4.0,2.4,65.4,78.7,60.2,67.9,119.5,108.9,22.7,7.1,82.2,156.8,97.2,120.6
AUTONOMOUS REGION IN MUSLIM MINDANAO (ARMM),PH150000000,MAGUINDANAO,PH153800000,,"20,299","25,115",45.2,39.9,8.5,7.5,3.8,3.0,38.9,51.4,35.0,44.8,80.1,83.1,15.9,6.7,53.9,106.3,72.0,94.1
AUTONOMOUS REGION IN MUSLIM MINDANAO (ARMM),PH150000000,SULU,PH156600000,,"23,026","28,902",63.1,74.3,8.5,2.6,5.4,1.9,54.3,71.9,71.1,77.5,106.8,108.6,24.4,9.1,66.6,147.0,93.7,123.5
AUTONOMOUS REGION IN MUSLIM MINDANAO (ARMM),PH150000000,TAWI-TAWI,PH157000000,c/,"17,599","21,174",14.5,14.7,31.8,9.3,4.6,1.4,6.9,22.1,12.4,16.9,9.9,10.2,4.0,1.1,3.3,16.5,8.4,12.0
,,,,,,,,,,,,,,,,,,,,,,,,
,,,,,,,,,,,,,,,,,,,,,,,,
Notes: ,,,,,,,,,,,,,,,,,,,,,,,,
*Revised/updated based on the following: a) rebasing of the Consumer Price Index (CPI) market basket of prices from 2006 to 2012; and b) adoption of the 2015 Census of Population results for the weights in the Family Income and Expenditure Survey (FIES).,,,,,,,,,,,,,,,,,,,,,,,,
,,,,,,,,,,,,,,,,,,,,,,,,
a/ Caution in utilizing the estimate for these provinces must be observed due to its very small sample size in 2015.,,,,,,,,,,,,,,,,,,,,,,,,
b/ Coefficient of variation of 2018 provincial poverty incidence among families is greater than 20%.,,,,,,,,,,,,,,,,,,,,,,,,
c/ Coefficient of variation of 2015 provincial poverty incidence among families is greater than 20%.,,,,,,,,,,,,,,,,,,,,,,,,
,,,,,,,,,,,,,,,,,,,,,,,,
CV - Coefficient variation,,,,,,,,,,,,,,,,,,,,,,,,
CI - Confidence interval,,,,,,,,,,,,,,,,,,,,,,,,
