Country,2010,2010_lower, 2010_upper, 2011,2011_lower, 2011_upper, 2012,2012_lower, 2012_upper, 2013,2013_lower, 2013_upper, 2014,2014_lower, 2014_upper, 2015,2015_lower, 2015_upper, 2016,2016_lower, 2016_upper, 2017,2017_lower, 2017_upper, 2018,2018_lower, 2018_upper, 2019,2019_lower, 2019_upper, 2020,2020_lower, 2020_upper, 2021,2021_lower, 2021_upper, 2022,2022_lower, 2022_upper, 2023,2023_lower, 2023_upper, 2024,2024_lower, 2024_upper
Afghanistan,,,,,,,,,,,,,6 ,2 , 13,,,,,,,,,,2 ,<1 , 4,9 ,3 , 23,10 ,3 , 24,,,,16 ,4 , 40,3 ,<1 , 7,3 ,<1 , 9
Albania,,,,,,,,,,,,,,,,,,,,,,19 ,17 , 21,19 ,17 , 21,55 ,50 , 61,18 ,16 , 20,,,,>98 ,>98 , >98,96 ,86 , >98,94 ,83 , >98
Algeria,,,,35 ,32 , 38,22 ,20 , 24,54 ,50 , 59,27 ,25 , 29,23 ,22 , 25,35 ,33 , 38,66 ,62 , 71,44 ,41 , 47,,,,33 ,30 , 36,,,,,,,,,,21 ,19 , 24
Angola,2 ,2 , 2,3 ,3 , 4,4 ,3 , 4,10 ,9 , 12,,,,4 ,4 , 5,1 ,<1 , 1,<1 ,<1 , <1,1 ,1 , 1,6 ,5 , 7,2 ,2 , 3,3 ,2 , 3,,,,12 ,10 , 14,11 ,9 , 13
Antigua and Barbuda,,,,77 ,68 , 90,15 ,13 , 17,60 ,54 , 69,>98 ,92 , >98,>98 ,>98 , >98,71 ,65 , 80,53 ,48 , 60,97 ,88 , >98,77 ,69 , 87,,,,60 ,53 , 69,,,,,,,66 ,57 , 77
Argentina,,,,11 ,10 , 12,11 ,10 , 12,11 ,10 , 12,48 ,44 , 52,49 ,45 , 54,67 ,61 , 72,69 ,64 , 75,83 ,76 , 90,,,,>98 ,>98 , >98,,,,,,,78 ,72 , 85,94 ,87 , >98
Armenia,,,,23 ,18 , 29,20 ,15 , 25,26 ,21 , 35,57 ,46 , 72,58 ,48 , 71,72 ,61 , 85,71 ,58 , 87,93 ,74 , >98,78 ,61 , >98,70 ,55 , 87,86 ,64 , >98,78 ,55 , >98,65 ,43 , 89,78 ,49 , >98
Australia,,,,,,,62 ,54 , 71,>98 ,>98 , >98,,,,,,,,,,,,,,,,,,,,,,,,,,,,,,,,,
Azerbaijan,33 ,26 , 42,61 ,46 , 87,79 ,60 , >98,88 ,70 , >98,>98 ,87 , >98,>98 ,>98 , >98,>98 ,97 , >98,>98 ,>98 , >98,>98 ,92 , >98,>98 ,>98 , >98,,,,>98 ,87 , >98,>98 ,>98 , >98,>98 ,>98 , >98,>98 ,>98 , >98
Bahamas,,,,79 ,72 , 88,73 ,65 , 81,76 ,69 , 84,78 ,70 , 86,84 ,76 , 95,79 ,70 , 87,81 ,72 , 89,88 ,79 , 97,,,,65 ,57 , 72,63 ,56 , 71,68 ,60 , 77,67 ,58 , 75,74 ,65 , 84
Bahrain,,,,,,,,,,,,,,,,,,,,,,,,,,,,,,,,,,,,,,,,56 ,48 , 64,28 ,23 , 32
Bangladesh,3 ,3 , 4,,,,,,,4 ,3 , 5,20 ,17 , 24,12 ,10 , 14,19 ,16 , 23,15 ,13 , 18,24 ,21 , 29,,,,16 ,14 , 19,12 ,10 , 14,,,,11 ,10 , 13,,,
Barbados,,,,55 ,49 , 61,,,,57 ,50 , 62,92 ,81 , >98,60 ,53 , 69,76 ,65 , 86,62 ,54 , 69,83 ,72 , 94,91 ,79 , >98,64 ,55 , 73,86 ,76 , >98,>98 ,88 , >98,93 ,82 , >98,73 ,63 , 84
Belarus,54 ,43 , 68,51 ,41 , 64,56 ,42 , 73,61 ,46 , 81,55 ,41 , 73,46 ,35 , 60,72 ,56 , 98,72 ,55 , >98,70 ,52 , 97,96 ,74 , >98,84 ,64 , >98,84 ,64 , >98,96 ,68 , >98,>98 ,68 , >98,73 ,49 , >98
Belize,82 ,72 , 93,94 ,84 , >98,69 ,61 , 77,74 ,67 , 84,72 ,64 , 81,93 ,83 , >98,60 ,54 , 67,,,,,,,,,,42 ,38 , 47,,,,80 ,73 , 92,76 ,67 , 88,80 ,72 , 93
Benin,,,,10 ,8 , 12,9 ,7 , 11,12 ,11 , 16,27 ,23 , 34,28 ,24 , 34,27 ,23 , 34,35 ,29 , 42,38 ,32 , 47,53 ,44 , 65,53 ,45 , 65,51 ,42 , 63,56 ,46 , 70,70 ,58 , 87,70 ,58 , 87
Bhutan,,,,,,,,,,,,,,,,,,,,,,,,,,,,,,,,,,,,,>98 ,88 , >98,,,,,,
Bolivia (Plurinational State of),31 ,25 , 38,,,,,,,,,,,,,,,,,,,,,,,,,,,,,,,,,,30 ,25 , 34,,,,,,
Bosnia and Herzegovina,,,,,,,>98 ,>98 , >98,>98 ,>98 , >98,,,,,,,,,,,,,,,,,,,,,,,,,,,,,,,,,
Botswana,49 ,45 , 59,34 ,31 , 40,35 ,32 , 40,47 ,43 , 56,41 ,38 , 49,47 ,43 , 55,47 ,44 , 56,50 ,46 , 59,83 ,76 , >98,87 ,80 , >98,>98 ,>98 , >98,90 ,82 , >98,81 ,73 , >98,88 ,79 , >98,>98 ,88 , >98
Brazil,34 ,30 , 37,56 ,51 , 62,28 ,26 , 31,47 ,43 , 53,,,,,,,,,,,,,,,,,,,,,,,,,,,,,,,,,
Brunei Darussalam,,,,>98 ,54 , >98,,,,>98 ,38 , 79,,,,,,,,,,,,,>98 ,17 , 36,>98 ,16 , 33,,,,,,,61 ,13 , 27,51 ,13 , 26,,,
Bulgaria,,,,31 ,27 , 36,84 ,73 , 96,41 ,36 , 47,44 ,40 , 50,43 ,39 , 49,73 ,65 , 80,,,,,,,,,,,,,,,,,,,,,,,,
Burkina Faso,7 ,6 , 9,11 ,9 , 13,15 ,13 , 18,20 ,17 , 24,25 ,21 , 30,24 ,20 , 28,13 ,11 , 15,14 ,12 , 16,13 ,12 , 16,9 ,8 , 11,21 ,18 , 24,19 ,16 , 22,19 ,16 , 22,20 ,17 , 23,36 ,30 , 42
Burundi,11 ,10 , 14,,,,13 ,11 , 15,21 ,18 , 25,14 ,12 , 16,2 ,2 , 3,16 ,13 , 18,27 ,23 , 31,28 ,25 , 33,,,,>98 ,>98 , >98,71 ,61 , 82,75 ,64 , 87,26 ,22 , 30,54 ,46 , 62
Cabo Verde,>98 ,92 , >98,>98 ,96 , >98,69 ,57 , 85,76 ,63 , 95,80 ,67 , >98,59 ,50 , 73,77 ,66 , 96,,,,,,,,,,,,,,,,,,,,,,,,
Cambodia,47 ,40 , 55,64 ,55 , 77,35 ,30 , 40,37 ,32 , 44,35 ,30 , 40,72 ,62 , 83,66 ,57 , 76,57 ,49 , 66,65 ,56 , 75,78 ,67 , 89,73 ,63 , 85,12 ,10 , 14,79 ,69 , 91,73 ,64 , 84,87 ,76 , >98
Cameroon,22 ,19 , 27,29 ,25 , 35,35 ,31 , 42,34 ,29 , 42,43 ,37 , 52,39 ,35 , 47,64 ,57 , 77,64 ,56 , 77,72 ,64 , 88,67 ,59 , 81,64 ,56 , 76,59 ,52 , 71,66 ,58 , 80,65 ,57 , 79,47 ,41 , 57
Central African Republic,<1 ,<1 , <1,5 ,4 , 6,,,,2 ,2 , 3,6 ,5 , 8,9 ,8 , 12,16 ,13 , 20,18 ,15 , 22,17 ,14 , 22,14 ,11 , 18,18 ,14 , 22,17 ,13 , 21,26 ,19 , 33,14 ,11 , 19,40 ,28 , 52
Chad,3 ,2 , 3,1 ,1 , 2,5 ,4 , 6,5 ,4 , 6,6 ,5 , 7,4 ,3 , 5,,,,,,,,,,,,,21 ,17 , 26,16 ,14 , 20,10 ,9 , 13,17 ,14 , 21,19 ,16 , 24
Chile,,,,81 ,74 , 89,66 ,61 , 73,64 ,59 , 70,73 ,67 , 79,88 ,82 , 95,69 ,64 , 75,90 ,84 , 98,96 ,88 , >98,>98 ,>98 , >98,>98 ,>98 , >98,>98 ,>98 , >98,88 ,82 , 96,87 ,80 , 94,86 ,79 , 93
China,,,,11 ,9 , 12,17 ,15 , 20,23 ,20 , 25,26 ,23 , 29,,,,,,,,,,,,,71 ,64 , 79,85 ,77 , 95,93 ,84 , >98,>98 ,88 , >98,96 ,86 , >98,94 ,85 , >98
Colombia,13 ,10 , 15,22 ,19 , 27,26 ,22 , 31,36 ,30 , 43,,,,49 ,40 , 58,47 ,38 , 56,49 ,40 , 59,54 ,43 , 66,51 ,39 , 63,,,,35 ,26 , 44,38 ,28 , 49,41 ,29 , 53,44 ,31 , 56
Comoros,,,,11 ,6 , 18,,,,10 ,5 , 17,20 ,10 , 33,,,,,,,80 ,42 , >98,40 ,19 , 65,49 ,24 , 81,29 ,14 , 49,29 ,14 , 50,,,,,,,,,
Congo,6 ,5 , 8,3 ,3 , 4,5 ,4 , 6,4 ,4 , 6,<1 ,<1 , <1,,,,2 ,2 , 3,4 ,3 , 5,1 ,1 , 2,,,,<1 ,<1 , 1,,,,5 ,4 , 7,,,,,,
Costa Rica,45 ,41 , 49,41 ,37 , 45,57 ,52 , 64,43 ,39 , 48,51 ,46 , 56,53 ,48 , 59,44 ,40 , 49,53 ,48 , 60,35 ,32 , 39,49 ,45 , 55,46 ,41 , 51,,,,,,,,,,,,
Cuba,46 ,41 , 52,58 ,52 , 67,66 ,59 , 76,64 ,57 , 74,55 ,49 , 61,83 ,74 , 94,79 ,71 , 88,80 ,72 , 90,96 ,86 , >98,97 ,88 , >98,>98 ,94 , >98,>98 ,89 , >98,>98 ,94 , >98,>98 ,>98 , >98,89 ,80 , >98
Czechia,,,,27 ,25 , 31,76 ,67 , 86,>98 ,>98 , >98,83 ,73 , 93,>98 ,>98 , >98,94 ,85 , >98,,,,43 ,39 , 47,,,,94 ,85 , >98,,,,,,,,,,,,
Côte d'Ivoire,26 ,22 , 31,4 ,3 , 4,23 ,20 , 27,15 ,13 , 18,42 ,35 , 50,37 ,32 , 44,49 ,42 , 57,54 ,45 , 63,59 ,50 , 69,58 ,50 , 68,57 ,49 , 67,65 ,55 , 76,64 ,55 , 76,65 ,55 , 78,65 ,55 , 79
Democratic Republic of the Congo,3 ,3 , 4,5 ,4 , 6,7 ,5 , 8,9 ,7 , 11,12 ,10 , 15,13 ,11 , 16,17 ,14 , 21,28 ,24 , 35,18 ,15 , 22,18 ,15 , 22,12 ,10 , 15,,,,9 ,8 , 12,10 ,8 , 13,10 ,8 , 13
Djibouti,,,,2 ,1 , 3,9 ,6 , 13,10 ,7 , 14,2 ,1 , 3,11 ,8 , 16,15 ,11 , 21,,,,5 ,4 , 7,,,,,,,,,,39 ,28 , 57,18 ,13 , 27,19 ,13 , 27
Dominica,,,,92 ,78 , >98,,,,58 ,50 , 68,,,,55 ,47 , 66,>98 ,>98 , >98,91 ,74 , >98,90 ,75 , >98,29 ,24 , 36,57 ,46 , 70,,,,85 ,68 , >98,85 ,67 , >98,58 ,45 , 75
Dominican Republic,5 ,4 , 6,20 ,17 , 24,20 ,17 , 25,27 ,23 , 32,51 ,42 , 62,45 ,37 , 55,27 ,23 , 36,30 ,25 , 40,27 ,22 , 37,27 ,22 , 37,12 ,10 , 16,8 ,7 , 12,19 ,16 , 27,25 ,21 , 36,25 ,21 , 36
Ecuador,<1 ,<1 , <1,77 ,67 , 89,69 ,60 , 79,17 ,15 , 20,72 ,63 , 82,,,,62 ,55 , 70,,,,15 ,13 , 18,19 ,17 , 21,,,,66 ,57 , 75,,,,78 ,68 , 91,62 ,54 , 73
Egypt,2 ,2 , 3,2 ,2 , 3,3 ,2 , 4,3 ,2 , 3,4 ,3 , 5,5 ,4 , 7,8 ,6 , 11,9 ,7 , 12,12 ,9 , 16,18 ,14 , 24,14 ,11 , 19,18 ,14 , 24,13 ,10 , 17,9 ,6 , 12,16 ,12 , 23
El Salvador,44 ,39 , 50,,,,4 ,3 , 4,59 ,53 , 67,80 ,73 , 89,84 ,76 , 95,81 ,72 , 91,81 ,72 , 91,67 ,59 , 75,71 ,61 , 81,77 ,67 , 90,72 ,62 , 84,57 ,50 , 67,47 ,41 , 56,65 ,55 , 78
Equatorial Guinea,,,,2 ,1 , 2,,,,,,,,,,,,,,,,,,,,,,,,,5 ,4 , 7,,,,,,,,,,,,
Eritrea,,,,,,,,,,84 ,64 , >98,>98 ,94 , >98,>98 ,96 , >98,>98 ,>98 , >98,54 ,42 , 74,67 ,53 , 90,73 ,56 , 97,74 ,56 , >98,67 ,51 , 90,65 ,49 , 89,64 ,48 , 89,,,
Eswatini,43 ,41 , 51,84 ,78 , 97,88 ,82 , >98,81 ,75 , 94,3 ,3 , 3,,,,80 ,75 , 91,81 ,76 , 92,87 ,81 , >98,,,,,,,48 ,45 , 55,>98 ,>98 , >98,38 ,35 , 43,,,
Ethiopia,52 ,40 , 66,20 ,15 , 25,30 ,23 , 38,30 ,23 , 38,31 ,24 , 39,39 ,30 , 49,57 ,44 , 72,49 ,38 , 62,64 ,49 , 80,54 ,42 , 68,44 ,34 , 56,41 ,31 , 52,46 ,35 , 57,50 ,39 , 63,51 ,40 , 65
Fiji,>98 ,>98 , >98,>98 ,88 , >98,39 ,23 , >98,51 ,33 , >98,25 ,17 , 54,42 ,31 , 79,18 ,14 , 30,22 ,18 , 35,,,,,,,14 ,11 , 17,31 ,26 , 39,25 ,19 , 31,24 ,18 , 32,58 ,38 , 78
Gabon,4 ,4 , 5,20 ,17 , 24,22 ,18 , 27,13 ,11 , 16,17 ,14 , 21,22 ,18 , 27,,,,4 ,3 , 4,16 ,13 , 21,20 ,16 , 25,2 ,2 , 3,11 ,8 , 14,30 ,23 , 38,24 ,17 , 31,5 ,3 , 6
Gambia,,,,,,,,,,,,,7 ,6 , 9,11 ,8 , 14,,,,,,,28 ,21 , 35,20 ,15 , 25,18 ,14 , 23,13 ,10 , 17,32 ,25 , 41,30 ,23 , 39,40 ,30 , 52
Georgia,>98 ,>98 , >98,>98 ,>98 , >98,96 ,88 , >98,85 ,79 , 93,98 ,90 , >98,>98 ,92 , >98,>98 ,96 , >98,>98 ,>98 , >98,66 ,61 , 70,87 ,81 , 93,90 ,84 , 96,>98 ,94 , >98,78 ,73 , 84,68 ,64 , 75,91 ,85 , 98
Ghana,<1 ,<1 , 1,13 ,11 , 15,11 ,9 , 13,23 ,20 , 28,19 ,16 , 23,25 ,21 , 30,38 ,32 , 45,56 ,48 , 67,67 ,57 , 82,72 ,61 , 86,53 ,45 , 64,32 ,28 , 39,31 ,27 , 38,35 ,29 , 42,34 ,28 , 41
Greece,,,,,,,54 ,48 , 61,66 ,60 , 75,68 ,61 , 76,68 ,62 , 76,,,,,,,,,,,,,,,,,,,,,,,,,,,
Guatemala,,,,37 ,30 , 47,35 ,27 , 44,25 ,19 , 31,35 ,28 , 43,21 ,16 , 27,37 ,29 , 47,42 ,33 , 53,43 ,34 , 54,59 ,46 , 73,62 ,48 , 76,68 ,52 , 83,71 ,54 , 86,46 ,36 , 57,51 ,40 , 62
Guinea,5 ,4 , 6,6 ,5 , 8,<1 ,<1 , <1,6 ,5 , 7,7 ,6 , 9,4 ,3 , 5,40 ,35 , 48,12 ,10 , 14,13 ,11 , 16,25 ,21 , 31,40 ,34 , 50,38 ,32 , 47,45 ,37 , 56,<1 ,<1 , <1,50 ,40 , 63
Guinea-Bissau,,,,<1 ,<1 , <1,,,,6 ,6 , 8,30 ,25 , 35,44 ,38 , 52,,,,38 ,32 , 45,37 ,32 , 44,,,,25 ,21 , 30,,,,,,,,,,,,
Guyana,26 ,18 , 35,46 ,31 , 61,36 ,24 , 50,31 ,20 , 43,56 ,36 , 79,52 ,34 , 73,,,,55 ,36 , 77,51 ,32 , 70,>98 ,>98 , >98,60 ,39 , 83,>98 ,72 , >98,>98 ,66 , >98,56 ,38 , 77,43 ,29 , 59
Haiti,,,,62 ,53 , 73,79 ,69 , 93,43 ,38 , 51,46 ,41 , 53,42 ,37 , 49,46 ,41 , 53,52 ,46 , 61,54 ,48 , 64,55 ,49 , 64,49 ,43 , 57,47 ,41 , 55,54 ,47 , 64,37 ,32 , 44,32 ,27 , 38
Honduras,55 ,49 , 62,71 ,63 , 79,35 ,31 , 39,40 ,35 , 43,42 ,37 , 46,35 ,31 , 39,53 ,47 , 59,53 ,47 , 59,42 ,37 , 47,58 ,52 , 65,49 ,43 , 54,57 ,51 , 64,54 ,48 , 60,52 ,46 , 58,50 ,45 , 57
India,,,,,,,,,,,,,,,,,,,,,,,,,,,,,,,,,,,,,,,,,,,67 ,54 , 82
Indonesia,,,,,,,,,,4 ,3 , 5,5 ,4 , 6,7 ,6 , 8,2 ,2 , 2,<1 ,<1 , 1,1 ,1 , 2,1 ,1 , 1,4 ,4 , 5,6 ,5 , 7,8 ,7 , 10,12 ,10 , 14,13 ,11 , 15
Iran (Islamic Republic of),15 ,11 , 19,,,,10 ,8 , 13,15 ,12 , 18,19 ,15 , 24,24 ,19 , 30,29 ,23 , 38,40 ,31 , 53,46 ,35 , 62,38 ,28 , 53,29 ,21 , 40,40 ,29 , 58,37 ,25 , 54,43 ,29 , 63,42 ,28 , 64
Ireland,,,,,,,,,,,,,,,,>98 ,>98 , >98,>98 ,>98 , >98,,,,,,,,,,,,,,,,,,,,,,,,
Jamaica,,,,45 ,41 , 51,,,,52 ,46 , 57,46 ,42 , 51,,,,,,,,,,,,,27 ,25 , 30,26 ,23 , 28,>98 ,>98 , >98,90 ,81 , 98,95 ,86 , >98,94 ,84 , >98
Japan,,,,50 ,45 , 56,,,,,,,54 ,49 , 60,66 ,60 , 74,,,,,,,,,,,,,,,,,,,,,,,,,,,
Jordan,,,,,,,,,,22 ,20 , 24,,,,,,,40 ,36 , 45,,,,,,,42 ,38 , 46,,,,,,,,,,,,,,,
Kazakhstan,84 ,72 , >98,81 ,68 , 96,68 ,59 , 81,60 ,53 , 71,64 ,56 , 72,53 ,46 , 59,54 ,49 , 61,74 ,67 , 83,52 ,47 , 58,57 ,51 , 64,72 ,65 , 79,75 ,68 , 83,75 ,68 , 83,76 ,68 , 86,76 ,68 , 87
Kenya,67 ,57 , 78,42 ,36 , 49,43 ,37 , 51,44 ,38 , 52,54 ,46 , 63,56 ,47 , 65,60 ,51 , 70,57 ,49 , 67,73 ,62 , 85,76 ,65 , 89,76 ,65 , 89,72 ,62 , 84,>98 ,88 , >98,92 ,78 , >98,78 ,67 , 91
Kuwait,,,,84 ,74 , >98,,,,,,,,,,,,,35 ,32 , 49,23 ,20 , 32,47 ,42 , 65,,,,,,,,,,,,,,,,,,
Kyrgyzstan,,,,3 ,2 , 3,11 ,9 , 12,11 ,9 , 12,36 ,32 , 41,31 ,28 , 34,64 ,57 , 70,67 ,62 , 75,66 ,61 , 73,64 ,58 , 70,88 ,81 , 98,90 ,82 , >98,96 ,88 , >98,73 ,68 , 82,>98 ,94 , >98
Lao People's Democratic Republic,1 ,1 , 1,11 ,10 , 13,8 ,7 , 10,14 ,12 , 17,4 ,3 , 4,4 ,3 , 5,8 ,7 , 9,10 ,9 , 11,12 ,10 , 14,8 ,7 , 9,34 ,30 , 39,41 ,36 , 48,22 ,20 , 26,30 ,26 , 36,21 ,19 , 25
Latvia,33 ,29 , 37,62 ,56 , 70,52 ,46 , 60,72 ,65 , 82,64 ,57 , 72,,,,74 ,67 , 82,,,,,,,,,,,,,,,,,,,,,,,,
Lebanon,,,,,,,63 ,57 , 71,,,,,,,,,,25 ,23 , 29,40 ,36 , 45,14 ,13 , 16,43 ,39 , 49,73 ,66 , 82,84 ,76 , 93,,,,,,,,,
Lesotho,89 ,81 , >98,90 ,80 , >98,,,,49 ,44 , 59,55 ,50 , 66,>98 ,90 , >98,71 ,65 , 83,93 ,85 , >98,80 ,74 , 95,75 ,69 , 88,68 ,62 , 79,71 ,65 , 83,25 ,23 , 29,68 ,61 , 80,63 ,57 , 74
Liberia,3 ,3 , 4,11 ,9 , 13,18 ,15 , 21,20 ,17 , 24,8 ,7 , 10,,,,,,,6 ,5 , 7,11 ,9 , 13,18 ,14 , 21,13 ,11 , 16,13 ,11 , 16,27 ,22 , 32,17 ,13 , 20,18 ,14 , 22
Libya,,,,,,,,,,53 ,49 , 57,,,,,,,39 ,36 , 42,31 ,28 , 33,52 ,47 , 56,64 ,58 , 71,41 ,36 , 45,54 ,47 , 60,44 ,39 , 50,,,,,,
Lithuania,67 ,57 , 80,,,,,,,,,,60 ,53 , 70,60 ,53 , 69,>98 ,90 , >98,,,,,,,,,,,,,,,,,,,,,,,,
Luxembourg,,,,,,,,,,>98 ,>98 , >98,,,,>98 ,>98 , >98,>98 ,95 , >98,,,,,,,,,,,,,,,,,,,,,,,,
Madagascar,,,,<1 ,<1 , <1,<1 ,<1 , <1,,,,,,,,,,,,,,,,,,,,,,,,,,,,,,,,,,,,
Malawi,,,,,,,5 ,5 , 6,16 ,15 , 19,21 ,19 , 25,22 ,20 , 25,35 ,31 , 41,60 ,55 , 71,97 ,89 , >98,74 ,67 , 88,75 ,68 , 89,79 ,71 , 93,79 ,72 , 95,84 ,77 , >98,89 ,82 , >98
Malaysia,55 ,48 , 64,57 ,50 , 66,55 ,49 , 62,61 ,54 , 71,69 ,62 , 80,61 ,54 , 68,73 ,67 , 82,>98 ,>98 , >98,93 ,81 , >98,82 ,72 , 95,97 ,87 , >98,84 ,76 , 95,80 ,72 , 90,95 ,86 , >98,94 ,85 , >98
Maldives,,,,,,,,,,,,,>98 ,>98 , >98,,,,,,,,,,,,,,,,,,,,,,,,,,,,,,
Mali,10 ,8 , 12,10 ,8 , 12,15 ,12 , 17,12 ,10 , 14,9 ,7 , 11,4 ,3 , 5,16 ,13 , 19,30 ,24 , 35,28 ,22 , 33,41 ,33 , 48,19 ,15 , 22,24 ,19 , 28,23 ,19 , 27,52 ,41 , 62,28 ,22 , 33
Malta,,,,>98 ,>98 , >98,,,,>98 ,>98 , >98,,,,>98 ,88 , >98,46 ,41 , 53,,,,,,,,,,,,,,,,,,,,,,,,
Mauritania,,,,,,,,,,,,,,,,,,,10 ,8 , 12,,,,,,,,,,,,,,,,,,,,,,,,
Mauritius,,,,,,,13 ,12 , 15,4 ,3 , 5,58 ,51 , 68,38 ,33 , 43,28 ,25 , 32,41 ,36 , 48,60 ,52 , 70,>98 ,>98 , >98,46 ,40 , 55,55 ,47 , 66,,,,,,,,,
Mongolia,,,,36 ,30 , 42,63 ,54 , 72,,,,>98 ,83 , >98,46 ,36 , 59,>98 ,>98 , >98,>98 ,>98 , >98,92 ,79 , >98,61 ,50 , 73,31 ,26 , 38,49 ,42 , 56,51 ,45 , 59,27 ,24 , 32,87 ,74 , >98
Montenegro,,,,,,,,,,>98 ,90 , >98,,,,,,,,,,77 ,66 , 89,,,,,,,,,,,,,,,,72 ,59 , 85,,,
Morocco,9 ,8 , 10,9 ,8 , 10,32 ,28 , 35,32 ,29 , 35,,,,,,,,,,,,,,,,,,,,,,,,,,,,,,,,,
Mozambique,31 ,28 , 36,35 ,31 , 40,29 ,26 , 33,29 ,26 , 34,36 ,32 , 41,38 ,34 , 43,40 ,37 , 46,45 ,41 , 52,52 ,47 , 60,55 ,50 , 63,56 ,51 , 65,59 ,54 , 68,66 ,60 , 76,68 ,62 , 79,68 ,61 , 79
Myanmar,1 ,1 , 2,4 ,3 , 5,5 ,5 , 6,,,,,,,16 ,14 , 19,28 ,25 , 33,32 ,28 , 38,27 ,24 , 32,54 ,47 , 65,,,,,,,12 ,10 , 15,29 ,25 , 37,32 ,27 , 40
Namibia,39 ,35 , 45,62 ,56 , 73,46 ,42 , 54,45 ,40 , 54,75 ,67 , 88,14 ,12 , 16,43 ,38 , 50,>98 ,92 , >98,,,,90 ,81 , >98,>98 ,>98 , >98,>98 ,>98 , >98,84 ,77 , 95,95 ,87 , >98,75 ,69 , 85
Nepal,2 ,2 , 3,3 ,3 , 4,6 ,5 , 7,3 ,3 , 4,5 ,5 , 6,14 ,12 , 16,20 ,17 , 23,35 ,30 , 41,56 ,49 , 66,67 ,56 , 77,61 ,53 , 72,4 ,4 , 5,43 ,37 , 49,44 ,38 , 51,51 ,44 , 59
New Zealand,,,,>98 ,93 , >98,65 ,59 , 71,74 ,68 , 81,,,,47 ,43 , 52,,,,40 ,36 , 44,33 ,30 , 37,>98 ,>98 , >98,>98 ,>98 , >98,>98 ,>98 , >98,37 ,33 , 42,57 ,50 , 67,68 ,61 , 80
Nicaragua,39 ,31 , 49,47 ,37 , 58,47 ,37 , 58,57 ,45 , 71,51 ,40 , 64,64 ,51 , 83,59 ,47 , 77,75 ,57 , 95,84 ,64 , >98,66 ,49 , 87,73 ,53 , >98,79 ,57 , >98,72 ,50 , >98,76 ,52 , >98,66 ,43 , 96
Niger,,,,,,,1 ,1 , 2,9 ,8 , 10,2 ,2 , 2,13 ,11 , 14,6 ,5 , 7,12 ,11 , 13,6 ,5 , 7,5 ,4 , 5,3 ,2 , 3,16 ,14 , 19,7 ,6 , 7,12 ,11 , 14,20 ,18 , 23
Nigeria,8 ,7 , 10,9 ,8 , 11,8 ,7 , 9,7 ,6 , 9,9 ,8 , 10,16 ,14 , 18,19 ,17 , 22,21 ,19 , 25,20 ,18 , 24,31 ,28 , 36,24 ,22 , 28,19 ,17 , 23,15 ,13 , 18,23 ,21 , 28,21 ,18 , 25
North Macedonia,,,,,,,,,,,,,,,,,,,,,,,,,,,,61 ,51 , 71,,,,,,,,,,,,,,,
Oman,,,,69 ,63 , 77,28 ,25 , 30,39 ,36 , 43,61 ,56 , 67,57 ,52 , 62,67 ,61 , 73,59 ,54 , 65,70 ,64 , 76,81 ,74 , 88,45 ,41 , 49,,,,,,,,,,,,
Pakistan,2 ,2 , 3,<1 ,<1 , <1,<1 ,<1 , <1,2 ,2 , 2,2 ,2 , 2,<1 ,<1 , <1,<1 ,<1 , <1,1 ,1 , 2,2 ,2 , 3,3 ,3 , 4,3 ,3 , 4,,,,,,,48 ,42 , 56,20 ,17 , 23
Panama,43 ,38 , 47,55 ,49 , 60,29 ,26 , 32,58 ,51 , 66,66 ,59 , 73,81 ,73 , 91,75 ,67 , 84,72 ,65 , 80,73 ,65 , 80,69 ,63 , 78,67 ,60 , 75,84 ,75 , 96,75 ,68 , 87,87 ,77 , >98,87 ,78 , >98
Papua New Guinea,,,,9 ,7 , 11,6 ,5 , 7,17 ,14 , 22,10 ,8 , 12,12 ,10 , 14,,,,,,,34 ,29 , 43,18 ,15 , 22,20 ,17 , 25,19 ,16 , 23,19 ,17 , 24,19 ,16 , 24,10 ,9 , 13
Paraguay,35 ,32 , 39,44 ,40 , 48,62 ,57 , 69,47 ,43 , 53,45 ,41 , 48,54 ,49 , 59,60 ,55 , 66,60 ,55 , 65,54 ,49 , 59,56 ,51 , 61,60 ,55 , 65,64 ,59 , 70,60 ,55 , 65,60 ,55 , 66,19 ,17 , 20
Peru,,,,13 ,11 , 15,24 ,21 , 27,34 ,30 , 38,27 ,24 , 30,57 ,50 , 64,68 ,60 , 76,67 ,58 , 75,81 ,71 , 92,58 ,52 , 66,24 ,21 , 27,54 ,48 , 62,68 ,60 , 78,60 ,53 , 69,60 ,52 , 71
Philippines,6 ,5 , 7,9 ,8 , 11,5 ,4 , 6,<1 ,<1 , <1,2 ,2 , 3,4 ,3 , 5,6 ,5 , 7,7 ,5 , 8,4 ,3 , 4,7 ,6 , 9,6 ,5 , 8,8 ,6 , 10,,,,,,,,,
Poland,,,,43 ,39 , 48,66 ,59 , 73,,,,,,,,,,,,,34 ,31 , 38,,,,,,,,,,,,,,,,,,,,,
Portugal,,,,>98 ,>98 , >98,,,,>98 ,>98 , >98,,,,,,,,,,,,,,,,,,,,,,,,,,,,,,,,,
Qatar,,,,>98 ,>98 , >98,,,,,,,,,,,,,,,,,,,,,,,,,,,,66 ,56 , 84,,,,>98 ,>98 , >98,>98 ,>98 , >98
Republic of Moldova,53 ,44 , 63,42 ,35 , 50,55 ,46 , 66,52 ,44 , 63,61 ,51 , 73,71 ,59 , 85,73 ,61 , 87,75 ,63 , 90,68 ,57 , 82,84 ,70 , >98,70 ,59 , 84,84 ,70 , >98,>98 ,83 , >98,89 ,75 , >98,79 ,66 , 95
Romania,76 ,70 , 81,57 ,53 , 61,77 ,71 , 83,>98 ,96 , >98,82 ,75 , 89,80 ,74 , 87,78 ,73 , 86,,,,,,,,,,,,,,,,,,,,,,,,
Russian Federation,,,,,,,,,,,,,53 ,47 , 58,,,,,,,80 ,74 , 88,80 ,74 , 87,,,,,,,,,,,,,,,,,,
Rwanda,69 ,62 , 83,73 ,64 , 87,81 ,72 , 96,84 ,74 , >98,88 ,78 , >98,85 ,77 , >98,92 ,84 , >98,88 ,79 , >98,79 ,71 , 91,88 ,79 , >98,90 ,81 , >98,,,,98 ,89 , >98,87 ,79 , >98,80 ,73 , 89
Saint Kitts and Nevis,,,,,,,,,,,,,,,,,,,,,,,,,,,,89 ,77 , >98,,,,,,,87 ,76 , >98,,,,84 ,73 , >98
Saint Lucia,,,,45 ,39 , 51,94 ,83 , >98,62 ,54 , 69,97 ,86 , >98,46 ,41 , 53,46 ,40 , 53,36 ,31 , 41,57 ,49 , 66,66 ,57 , 77,>98 ,>98 , >98,21 ,18 , 24,,,,,,,,,
Saint Vincent and the Grenadines,,,,80 ,72 , 90,76 ,67 , 86,69 ,62 , 77,66 ,58 , 73,,,,44 ,39 , 49,57 ,48 , 66,,,,,,,,,,,,,,,,,,,97 ,80 , >98
Sao Tome and Principe,,,,,,,,,,,,,41 ,34 , 50,54 ,43 , 65,73 ,58 , 88,63 ,50 , 79,72 ,57 , 89,47 ,37 , 61,,,,,,,,,,,,,,,
Saudi Arabia,,,,>98 ,>98 , >98,,,,75 ,66 , 85,73 ,66 , 83,59 ,54 , 67,>98 ,>98 , >98,>98 ,96 , >98,>98 ,97 , >98,,,,,,,,,,91 ,84 , >98,89 ,81 , 98,68 ,60 , 73
Senegal,15 ,14 , 16,13 ,12 , 14,14 ,13 , 15,17 ,16 , 19,17 ,16 , 18,20 ,19 , 22,19 ,18 , 20,34 ,32 , 35,35 ,33 , 36,84 ,81 , 87,47 ,45 , 49,51 ,49 , 52,47 ,45 , 49,64 ,62 , 66,>98 ,>98 , >98
Serbia,40 ,35 , 44,52 ,46 , 59,12 ,11 , 14,38 ,34 , 43,12 ,11 , 14,36 ,32 , 40,,,,,,,,,,,,,,,,,,,,,,,,,,,
Sierra Leone,<1 ,<1 , <1,,,,2 ,1 , 2,22 ,19 , 27,2 ,2 , 3,3 ,2 , 4,5 ,4 , 6,6 ,5 , 7,4 ,4 , 5,10 ,9 , 13,4 ,4 , 5,4 ,4 , 5,4 ,3 , 5,9 ,8 , 12,17 ,14 , 22
Singapore,,,,69 ,63 , 76,,,,78 ,73 , 86,83 ,77 , 91,96 ,89 , >98,76 ,71 , 84,69 ,65 , 75,>98 ,>98 , >98,70 ,65 , 77,71 ,66 , 78,>98 ,94 , >98,31 ,28 , 34,,,,34 ,31 , 37
Slovakia,,,,>98 ,90 , >98,>98 ,>98 , >98,46 ,39 , 54,41 ,35 , 48,75 ,64 , 86,,,,,,,,,,,,,,,,,,,,,,,,,,,
Somalia,,,,,,,,,,,,,,,,,,,,,,,,,,,,,,,,,,13 ,11 , 15,,,,3 ,3 , 4,,,
South Africa,59 ,50 , 79,57 ,47 , 77,77 ,65 , >98,64 ,53 , 88,73 ,61 , >98,96 ,79 , >98,66 ,55 , 90,83 ,69 , >98,83 ,68 , >98,88 ,71 , >98,92 ,75 , >98,95 ,78 , >98,88 ,72 , >98,91 ,75 , >98,73 ,60 , >98
South Sudan,,,,,,,,,,,,,,,,1 ,1 , 2,3 ,2 , 4,16 ,13 , 21,9 ,8 , 12,20 ,16 , 26,19 ,15 , 24,25 ,20 , 33,27 ,22 , 36,56 ,45 , 75,36 ,29 , 47
Spain,,,,43 ,39 , 47,28 ,26 , 31,10 ,9 , 10,,,,,,,,,,,,,,,,,,,,,,,,,,,,,,,,,
Sri Lanka,8 ,6 , 10,,,,4 ,3 , 5,8 ,7 , 11,16 ,13 , 19,26 ,23 , 34,40 ,34 , 51,42 ,36 , 51,45 ,40 , 55,48 ,41 , 58,51 ,44 , 59,54 ,48 , 66,65 ,58 , 78,57 ,50 , 70,63 ,56 , 78
Suriname,6 ,5 , 7,,,,,,,,,,,,,69 ,61 , 76,,,,52 ,46 , 57,,,,34 ,30 , 38,,,,,,,,,,,,,,,
Sweden,,,,,,,,,,21 ,19 , 23,,,,41 ,38 , 45,,,,,,,,,,,,,,,,,,,,,,,,,,,
Syrian Arab Republic,,,,,,,,,,,,,,,,,,,,,,73 ,62 , 85,>98 ,>98 , >98,14 ,11 , 16,13 ,11 , 15,,,,,,,,,,,,
Tajikistan,3 ,3 , 3,,,,,,,9 ,9 , 11,9 ,8 , 10,20 ,18 , 22,15 ,14 , 16,34 ,32 , 36,50 ,47 , 53,49 ,46 , 52,66 ,63 , 70,70 ,67 , 74,94 ,90 , >98,88 ,84 , 93,90 ,87 , 95
Thailand,38 ,32 , 45,36 ,31 , 44,45 ,39 , 54,48 ,42 , 57,50 ,44 , 60,67 ,58 , 78,67 ,58 , 79,78 ,68 , 93,81 ,71 , 96,75 ,66 , 89,87 ,76 , >98,81 ,70 , 96,82 ,72 , 97,90 ,79 , >98,87 ,76 , >98
Timor-Leste,,,,,,,,,,9 ,>98 , >98,8 ,>98 , >98,,,,,,,,,,,,,,,,,,,,,,25 ,>98 , >98,,,,,,
Togo,20 ,17 , 24,6 ,5 , 8,16 ,13 , 19,16 ,13 , 20,22 ,18 , 27,23 ,19 , 27,46 ,39 , 56,45 ,38 , 55,54 ,45 , 66,55 ,46 , 68,43 ,36 , 54,32 ,26 , 40,49 ,41 , 62,76 ,62 , 95,>98 ,>98 , >98
Trinidad and Tobago,,,,42 ,35 , 48,31 ,26 , 36,44 ,38 , 51,93 ,80 , >98,78 ,67 , 90,84 ,71 , >98,80 ,67 , 94,,,,80 ,65 , >98,96 ,78 , >98,>98 ,80 , >98,89 ,70 , >98,79 ,61 , >98,68 ,52 , 86
Tunisia,,,,6 ,4 , 9,6 ,4 , 9,8 ,5 , 12,15 ,10 , 22,20 ,14 , 29,16 ,10 , 24,7 ,5 , 11,9 ,5 , 13,18 ,11 , 26,12 ,7 , 17,30 ,19 , 43,,,,11 ,6 , 16,59 ,36 , 91
Türkiye,,,,,,,4 ,3 , 4,6 ,6 , 7,,,,,,,,,,,,,,,,,,,,,,,,,,,,,,,,,
Uganda,13 ,12 , 15,38 ,34 , 44,,,,53 ,48 , 63,7 ,6 , 8,48 ,44 , 57,40 ,37 , 47,54 ,49 , 64,54 ,49 , 63,63 ,57 , 73,71 ,65 , 85,79 ,72 , 93,80 ,73 , 94,80 ,73 , 94,86 ,79 , >98
Ukraine,49 ,41 , 60,40 ,33 , 48,,,,51 ,43 , 61,50 ,42 , 58,36 ,30 , 42,43 ,37 , 51,41 ,35 , 49,49 ,42 , 57,62 ,54 , 75,65 ,57 , 76,58 ,49 , 68,70 ,60 , 82,88 ,73 , >98,84 ,71 , >98
United Arab Emirates,,,,41 ,36 , 48,40 ,36 , 46,53 ,47 , 62,42 ,36 , 48,61 ,53 , 71,50 ,43 , 59,>98 ,97 , >98,>98 ,95 , >98,>98 ,>98 , >98,25 ,21 , 29,>98 ,>98 , >98,>98 ,>98 , >98,>98 ,>98 , >98,>98 ,87 , >98
United Kingdom,,,,,,,,,,>98 ,>98 , >98,,,,32 ,28 , 38,,,,,,,,,,,,,,,,,,,,,,,,,,,
United Republic of Tanzania,33 ,30 , 40,41 ,37 , 49,39 ,35 , 45,37 ,34 , 45,50 ,46 , 59,49 ,45 , 57,50 ,46 , 58,46 ,42 , 54,52 ,48 , 61,51 ,47 , 58,68 ,62 , 79,56 ,51 , 65,81 ,75 , 94,74 ,68 , 87,72 ,65 , 85
Uruguay,52 ,47 , 58,54 ,49 , 60,67 ,61 , 74,92 ,85 , >98,82 ,76 , 89,89 ,82 , 97,76 ,70 , 82,92 ,85 , >98,76 ,70 , 83,82 ,76 , 90,,,,59 ,54 , 64,,,,84 ,78 , 92,69 ,65 , 76
Uzbekistan,8 ,7 , 9,40 ,36 , 45,36 ,32 , 40,31 ,28 , 35,54 ,49 , 60,52 ,47 , 57,54 ,50 , 59,43 ,40 , 47,47 ,44 , 51,47 ,43 , 51,40 ,38 , 43,42 ,39 , 45,48 ,44 , 52,43 ,41 , 47,45 ,43 , 48
Vanuatu,,,,,,,,,,,,,,,,,,,,,,,,,,,,,,,,,,,,,,,,,,,>98 ,54 , >98
Venezuela (Bolivarian Republic of),,,,9 ,8 , 10,4 ,4 , 5,7 ,6 , 8,,,,,,,4 ,3 , 4,,,,5 ,4 , 6,,,,,,,19 ,16 , 24,11 ,9 , 14,11 ,9 , 14,12 ,10 , 15
Viet Nam,,,,37 ,32 , 45,34 ,30 , 39,69 ,59 , 81,42 ,36 , 49,48 ,42 , 56,49 ,43 , 57,30 ,27 , 35,49 ,43 , 58,46 ,40 , 53,52 ,46 , 61,28 ,24 , 33,25 ,22 , 29,38 ,33 , 45,44 ,38 , 52
Yemen,4 ,4 , 5,<1 ,<1 , 1,<1 ,<1 , <1,4 ,4 , 5,2 ,2 , 2,,,,,,,,,,,,,,,,,,,,,,,,,,,,,,
Zambia,31 ,28 , 35,81 ,73 , 94,86 ,78 , >98,76 ,69 , 89,48 ,44 , 55,52 ,48 , 59,53 ,49 , 61,57 ,52 , 65,60 ,55 , 68,69 ,64 , 79,72 ,66 , 81,72 ,66 , 82,70 ,64 , 80,73 ,66 , 83,>98 ,94 , >98
Zimbabwe,9 ,8 , 11,18 ,16 , 21,31 ,28 , 36,47 ,42 , 56,47 ,43 , 55,52 ,48 , 60,65 ,60 , 75,62 ,57 , 72,63 ,58 , 73,59 ,54 , 67,78 ,72 , 89,>98 ,93 , >98,94 ,87 , >98,87 ,80 , >98,91 ,84 , >98
Global,31,,,34,,,37,,,39,,,40,,,48,,,45,,,53,,,56,,,58,,,61,,,61,,,64,,,65,,,61,,