Country,2012,2012_Footnote, 2013,2013_Footnote, 2014,2014_Footnote, 2015,2015_Footnote, 2016,2016_Footnote, 2017,2017_Footnote, 2018,2018_Footnote, 2019,2019_Footnote, 2020,2020_Footnote, 2021,2021_Footnote, 2022,2022_Footnote, 2023,2023_Footnote, 2024,2024_Footnote
Afghanistan,9 100 000,"Source:GARPR 2002- 2014",5 300 000,"Source:GARPR 2002- 2014",4 200 000,"Source:GARPR 2015",,,240 000,"Source:GAM_2018",45 000,"Source:GAM_2018",10 100 000,"Source:GAM_2019",,,<100,"Source:GAM_2021",,,<100,"Source:GAM_2023",3 800 000,"Source:GAM_2024",2 600 000,"Source:GAM_2025"
Albania,,,,,,,,,,,,,5 600 000,"Source:GAM_2020",,,<100,"Source:GAM_2021",,,<100,"Source:GAM_2023",,,,
Algeria,6 800 000,"Source:GARPR 2015",12 500 000,"Source:GARPR 2015",17 300 000,"Source:GARPR 2015",,,,,31 900 000,"Source:GAM_2018",,,,,,,,,,,,,,
Angola,,,,,,,,,,,,,,,,,10 400 000,"Source:GAM_2021",,,,,,,35 300 000,"Source:GAM_2025"
Antigua and Barbuda,990 000,"Source:GARPR 2002- 2014",1 400 000,"Source:GARPR 2002- 2014",,,,,,,500 000,"Source:GAM_2018",<100,"Source:GAM_2020",1800,"Source:GAM_2020",200 000,"Source:GAM_2022",,,<100,"Source:GAM_2023",730 000,"Source:GAM_2024",,
Argentina,502 000 000,"Source:GARPR 2015",,,717 000 000,"Source:GAM_2019",807 000 000,"Source:GAM_2019",627 000 000,"Source:GAM_2019",,,<100,"Source:GAM_2023",<100,"Source:GAM_2023",<100,"Source:GAM_2023",<100,"Source:GAM_2023",<100,"Source:GAM_2023",,,,
Armenia,5 300 000,"Source:GARPR 2002- 2014",5 000 000,"Source:GARPR 2002- 2014",6 800 000,"Source:GARPR 2015",,,4 200 000,"Source:GAM 2017 validated records",5 600 000,"Source:GAM_2018",,,4 300 000,"Source:GAM_2020",3 400 000,"Source:GAM_2021",3 800 000,"Source:GAM_2022",6 000 000,"Source:GAM_2023",4 600 000,"Source:GAM_2024",5 300 000,"Source:GAM_2025"
Azerbaijan,,,18 600 000,"Source:GARPR 2002- 2014",20 600 000,"Source:GARPR 2015",,,,,,,<100,"Source:GAM_2020",<100,"Source:GAM_2020",<100,"Source:GAM_2021",9 400 000,"Source:GAM_2022",<100,"Source:GAM_2023",14 800 000,"Source:GAM_2024",10 300 000,"Source:GAM_2025"
Bahamas,,,,,,,,,,,,,,,<100,"Source:GAM_2020",<100,"Source:GAM_2021",,,<100,"Source:GAM_2023",,,,
Bangladesh,12 500 000,"Source:GARPR 2002- 2014",21 100 000,"Source:GARPR 2002- 2014",,,12 800 000,"Source:GARPR 2016 pending country verification",9 100 000,"Source:GAM 2017",7 100 000,"Source:GAM_2018",15 100 000,"Source:GAM_2019",,,<100,"Source:GAM_2021",35 100 000,"Source:GAM_2022",8 500 000,"Source:GAM_2023",,,,
Barbados,10 000 000,"Source:GARPR 2002- 2014",16 000 000,"Source:GARPR 2002- 2014",,,,,,,,,,,<100,"Source:GAM_2020",<100,"Source:GAM_2021",4 000 000,"Source:GAM_2022",<100,"Source:GAM_2023",,,,
Belarus,19 800 000,"Source:GARPR 2002- 2014",18 600 000,"Source:GARPR 2002- 2014",22 400 000,"Source:GARPR 2015",,,17 600 000,"Source:GAM 2017 validated records",21 000 000,"Source:GAM_2018",,,<100,"Source:GAM_2021",<100,"Source:GAM_2021",,,40 100 000,"Source:GAM_2023",,,,
Belize,2 800 000,"Source:GARPR 2002- 2014",,,,,,,,,,,,,,,,,4 200 000,"Source:GAM_2024",<100,"Source:GAM_2023",,,,
Benin,30 800 000,"Source:GAM_2018",22 300 000,"Source:GAM 2017 validated records",20 400 000,"Source:GAM_2018",18 600 000,"Source:GAM_2018",16 800 000,"Source:GAM_2018",22 800 000,"Source:GAM_2018",13 200 000,"Source:GAM_2019",17 100 000,"Source:GAM_2020",22 200 000,"Source:GAM_2021",14 900 000,"Source:GAM_2022",26 300 000,"Source:GAM_2023",20 200 000,"Source:GAM_2024",14 800 000,"Source:GAM_2025"
Bhutan,,,,,,,,,<100,"Source:GAM_2021",<100,"Source:GAM_2021",630 000,"Source:GAM_2021",<100,"Source:GAM_2021",850 000,"Source:GAM_2021",,,250 000,"Source:GAM_2023",,,240 000,"Source:GAM_2025"
Bolivia (Plurinational State of),11 800 000,"Source:GARPR 2002- 2014",,,,,,,,,,,,,<100,"Source:GAM_2020",,,,,<100,"Source:GAM_2023",,,,
Botswana,,,,,138 000 000,"Source:GAM_2019",<100,"Source:GAM_2020",158 000 000,"Source:GAM_2019",159 000 000,"Source:GAM_2019",144 000 000,"Source:GAM_2022",163 000 000,"Source:GAM_2022",<100,"Source:GAM_2021",<100,"Source:GAM_2023",<100,"Source:GAM_2023",,,,
Brazil,695 000 000,"Source:GARPR 2002- 2014",,,804 000 000,"Source:GARPR 2015",,,,,772 000 000,"Source:GAM_2018",699 000 000,"Source:GAM_2019",677 000 000,"Source:GAM_2020",559 000 000,"Source:GAM_2021",501 000 000,"Source:GAM_2023",514 000 000,"Source:GAM_2023",636 000 000,"Source:GAM_2024",649 000 000,"Source:GAM_2025"
Brunei Darussalam,,,,,,,,,,,,,,,,,,,,,<100,"Source:GAM_2023",,,,
Bulgaria,10 800 000,"Source:GARPR 2016 pending country verification",12 000 000,"Source:GARPR 2016 pending country verification",14 800 000,"Source:GARPR 2016 pending country verification",12 900 000,"Source:GARPR 2016 pending country verification",,,20 100 000,"Source:GAM_2018",,,,,,,,,,,,,,
Burkina Faso,56 500 000,"Source:GARPR 2015",58 400 000,"Source:GARPR 2015",,,,,,,39 100 000,"Source:GAM_2019",,,37 600 000,"Source:GAM_2022",11 900 000,"Source:GAM_2023",12 100 000,"Source:GAM_2023",19 700 000,"Source:GAM_2023",37 400 000,"Source:GAM_2024",16 600 000,"Source:GAM_2025"
Burundi,38 700 000,"Source:GARPR 2002- 2014",41 500 000,"Source:GARPR 2002- 2014",18 400 000,"Source:GARPR 2015",,,,,,,,,,,,,,,,,,,,
Cabo Verde,34 000,"Source:GARPR 2002- 2014",4 900 000,"Source:GARPR 2002- 2014",3 800 000,"Source:GARPR 2015",,,,,,,,,,,,,,,,,,,,
Cambodia,50 900 000,"Source:GARPR 2002- 2014",,,,,43 300 000,"Source:GAM_2020",,,,,<100,"Source:GAM_2023",,,34 300 000,"Source:GAM_2024",30 800 000,"Source:GAM_2024",31 600 000,"Source:GAM_2024",,,,
Cameroon,50 800 000,"Source:GARPR 2002- 2014",72 500 000,"Source:GARPR 2015",,,,,,,,,<100,"Source:GAM_2023",<100,"Source:GAM_2021",<100,"Source:GAM_2023",<100,"Source:GAM_2023",<100,"Source:GAM_2023",,,,
Canada,,,,,,,,,<100,"Source:GAM_2021",<100,"Source:GAM_2021",<100,"Source:GAM_2021",<100,"Source:GAM_2021",<100,"Source:GAM_2021",<100,"Source:GAM_2023",<100,"Source:GAM_2023",,,,
Central African Republic,,,,,,,,,15 800 000,"Source:GAM_2021",11 700 000,"Source:GAM_2021",10 900 000,"Source:GAM_2021",<100,"Source:GAM_2021",<100,"Source:GAM_2021",2 100 000,"Source:GAM_2022",27 100 000,"Source:GAM_2023",,,,
Chad,16 300 000,"Source:GARPR 2002- 2014",17 600 000,"Source:GARPR 2002- 2014",,,,,,,,,,,,,<100,"Source:GAM_2021",,,12 200 000,"Source:GAM_2023",,,25 700 000,"Source:GAM_2025"
Chile,213 000 000,"Source:GARPR 2002- 2014",,,,,173 000 000,"Source:GAM 2017 validated records",185 000 000,"Source:GAM_2018",282 000 000,"Source:GAM_2019",316 000 000,"Source:GAM_2019",326 000 000,"Source:GAM_2020",<100,"Source:GAM_2021",242 000 000,"Source:GAM_2022",358 000 000,"Source:GAM_2023",206 000 000,"Source:GAM_2024",202 000 000,"Source:GAM_2025"
China,636 000 000,"Source:GARPR 2002- 2014",758 000 000,"Source:GARPR 2002- 2014",990 000 000,"Source:GARPR 2015",,,1 050 000 000,"Source:GAM_2018",,,1 210 000 000,"Source:GAM_2019",,,<100,"Source:GAM_2021",1 110 000 000,"Source:GAM_2022",1 050 000 000,"Source:GAM_2023",1 000 000 000,"Source:GAM_2024",,
Colombia,135 000 000,"Source:GARPR 2002- 2014",120 000 000,"Source:GARPR 2002- 2014",,,,,,,,,<100,"Source:GAM_2020",<100,"Source:GAM_2020",106 000 000,"Source:GAM_2024",,,204 000 000,"Source:GAM_2025",,,,
Comoros,1 500 000,"Source:GARPR 2002- 2014",700 000,"Source:GARPR 2002- 2014",1 100 000,"Source:GARPR 2015",,,840 000,"Source:GAM 2017",2 300 000,"Source:GAM_2018",<100,"Source:GAM_2020",1 600 000,"Source:GAM_2020",1 100 000,"Source:GAM_2023",1 300 000,"Source:GAM_2023",,,,,,
Congo,,,,,,,,,,,,,<100,"Source:GAM_2020",<100,"Source:GAM_2020",,,,,,,,,,
Costa Rica,22 200 000,"Source:GARPR 2002- 2014",,,,,,,,,,,54 000 000,"Source:GAM_2020",43 600 000,"Source:GAM_2021",,,<100,"Source:GAM_2023",56 400 000,"Source:GAM_2023",87 800 000,"Source:GAM_2024",96 200 000,"Source:GAM_2025"
Croatia,11 300 000,"Source:GARPR 2002- 2014",14 400 000,"Source:GARPR 2002- 2014",,,,,,,,,,,,,,,,,,,,,,
Cuba,72 000 000,"Source:GARPR 2002- 2014",69 700 000,"Source:GARPR 2002- 2014",,,,,,,,,,,,,,,,,<100,"Source:GAM_2023",,,,
Czechia,,,,,,,,,,,,,,,,,<100,"Source:GAM_2021",,,,,,,,
Côte d'Ivoire,124 000 000,"Source:GARPR 2016 pending country verification",63 000 000,"Source:GAM_2018",,,,,21 900 000,"Source:GAM_2021",,,<100,"Source:GAM_2021",<100,"Source:GAM_2021",<100,"Source:GAM_2021",,,,,,,,
Democratic Republic of the Congo,229 000 000,"Source:GARPR 2002- 2014",222 000 000,"Source:GARPR 2016",,,82 800 000,"Source:GAM_2020",149 000 000,"Source:GAM_2021",175 000 000,"Source:GAM_2021",<100,"Source:GAM_2021",<100,"Source:GAM_2021",<100,"Source:GAM_2021",224 000 000,"Source:GAM_2023",,,,,,
Djibouti,3 800 000,"Source:GARPR 2002- 2014",,,2 900 000,"Source:GARPR 2015",,,,,,,,,<100,"Source:GAM_2020",<100,"Source:GAM_2021",,,<100,"Source:GAM_2023",,,,
Dominica,340 000,"Source:GARPR 2002- 2014",,,,,,,,,180 000,"Source:GAM_2018",<100,"Source:GAM_2020",,,,,,,260 000,"Source:GAM_2023",260 000,"Source:GAM_2024",,
Dominican Republic,40 700 000,"Source:GARPR 2002- 2014",17 100 000,"Source:GAM_2018",17 000 000,"Source:GAM_2018",19 100 000,"Source:GAM_2018",26 800 000,"Source:GAM_2018",21 000 000,"Source:GAM_2018",53 300 000,"Source:GAM_2023",51 800 000,"Source:GAM_2024",52 000 000,"Source:GAM_2025",69 300 000,"Source:GAM_2025",72 900 000,"Source:GAM_2025",80 200 000,"Source:GAM_2025",79 000 000,"Source:GAM_2025"
Ecuador,,,,,13 200 000,"Source:GARPR 2015",,,,,,,15 600 000,"Source:GAM_2019",16 000 000,"Source:GAM_2021",16 800 000,"Source:GAM_2023",12 900 000,"Source:GAM_2023",12 200 000,"Source:GAM_2023",,,,
Egypt,,,,,,,,,<100,"Source:GAM_2021",<100,"Source:GAM_2021",<100,"Source:GAM_2021",<100,"Source:GAM_2021",,,,,<100,"Source:GAM_2023",25 500 000,"Source:GAM_2024",,
El Salvador,59 200 000,"Source:GARPR 2002- 2014",62 300 000,"Source:GARPR 2002- 2014",,,70 000 000,"Source:GARPR 2016 pending country verification",,,60 100 000,"Source:GAM_2018",49 300 000,"Source:GAM_2019",46 000 000,"Source:GAM_2020",48 200 000,"Source:GAM_2021",59 600 000,"Source:GAM_2022",62 400 000,"Source:GAM_2023",66 800 000,"Source:GAM_2024",76 300 000,"Source:GAM_2025"
Equatorial Guinea,2 400 000,"Source:GARPR 2002- 2014",8 700 000,"Source:GARPR 2002- 2014",,,,,,,,,,,,,<100,"Source:GAM_2021",,,,,,,,
Eritrea,,,,,,,,,,,,,4 600 000,"Source:GAM_2019",4 200 000,"Source:GAM_2021",7 200 000,"Source:GAM_2021",3 700 000,"Source:GAM_2022",,,,,,
Estonia,,,,,,,,,,,,,,,,,<100,"Source:GAM_2021",,,,,,,,
Eswatini,82 600 000,"Source:GARPR 2002- 2014",96 900 000,"Source:GARPR 2002- 2014",,,,,,,,,,,102 000 000,"Source:GAM_2021",<100,"Source:GAM_2021",,,<100,"Source:GAM_2023",,,,
Ethiopia,,,,,,,,,352 000 000,"Source:GAM 2017 validated records",<100,"Source:GAM_2021",253 000 000,"Source:GAM_2021",189 000 000,"Source:GAM_2021",<100,"Source:GAM_2021",173 000 000,"Source:GAM_2025",158 000 000,"Source:GAM_2025",173 000 000,"Source:GAM_2025",,
Fiji,340 000,"Source:GARPR 2002- 2014",190 000,"Source:GARPR 2002- 2014",210 000,"Source:GARPR 2015",,,670 000,"Source:GAM 2017",,,,,,,<100,"Source:GAM_2021",,,<100,"Source:GAM_2023",,,,
Gabon,15 200 000,"Source:GARPR 2015",11 200 000,"Source:GARPR 2015",6 500 000,"Source:GARPR 2015",,,,,,,5 800 000,"Source:GAM_2021",<100,"Source:GAM_2021",,,<100,"Source:GAM_2023",<100,"Source:GAM_2023",,,,
Gambia,,,,,3 900 000,"Source:GARPR 2015",,,,,,,<100,"Source:GAM_2020",1 000 000,"Source:GAM_2020",<100,"Source:GAM_2021",,,<100,"Source:GAM_2023",,,33 000,"Source:GAM_2025"
Georgia,16 600 000,"Source:GARPR 2016 pending country verification",16 100 000,"Source:GARPR 2016 pending country verification",17 000 000,"Source:GARPR 2016 pending country verification",16 000 000,"Source:GARPR 2016 pending country verification",,,19 900 000,"Source:GAM_2018",<100,"Source:GAM_2020",15 900 000,"Source:GAM_2021",15 900 000,"Source:GAM_2021",16 500 000,"Source:GAM_2022",17 500 000,"Source:GAM_2023",19 000 000,"Source:GAM_2024",17 400 000,"Source:GAM_2025"
Germany,,,,,,,,,,,,,,,<100,"Source:GAM_2021",<100,"Source:GAM_2021",,,,,,,,
Ghana,145 000 000,"Source:GARPR 2015",107 000 000,"Source:GARPR 2015",152 000 000,"Source:GAM 2017",92 300 000,"Source:GARPR 2016 pending country verification",69 000 000,"Source:GAM_2021",92 600 000,"Source:GAM_2021",67 400 000,"Source:GAM_2023",88 600 000,"Source:GAM_2023",107 000 000,"Source:GAM_2023",128 000 000,"Source:GAM_2023",126 000 000,"Source:GAM_2024",128 000 000,"Source:GAM_2025",,
Grenada,120 000,"Source:GARPR 2002- 2014",190 000,"Source:GARPR 2002- 2014",,,,,,,,,,,,,,,,,,,,,,
Guatemala,53 200 000,"Source:GAM 2017 validated records",57 400 000,"Source:GAM 2017 validated records",55 500 000,"Source:GAM 2017 validated records",<100,"Source:GAM_2020",25 100 000,"Source:GAM_2021",53 100 000,"Source:GAM_2022",52 700 000,"Source:GAM_2022",53 500 000,"Source:GAM_2022",52 300 000,"Source:GAM_2022",1 100 000,"Source:GAM_2025",<100,"Source:GAM_2023",44 400 000,"Source:GAM_2024",60 900 000,"Source:GAM_2025"
Guinea,12 100 000,"Source:GARPR 2002- 2014",14 400 000,"Source:GARPR 2002- 2014",15 800 000,"Source:GARPR 2015",,,20 900 000,"Source:GAM 2017",8 900 000,"Source:GAM_2018",<100,"Source:GAM_2023",27 300 000,"Source:GAM_2020",34 500 000,"Source:GAM_2021",16 600 000,"Source:GAM_2023",21 100 000,"Source:GAM_2023",,,27 800 000,"Source:GAM_2025"
Guyana,21 900 000,"Source:GARPR 2015",,,,,,,,,,,<100,"Source:GAM_2020",<100,"Source:GAM_2020",,,,,<100,"Source:GAM_2023",,,,
Haiti,116 000 000,"Source:GARPR 2002- 2014",128 000 000,"Source:GARPR 2002- 2014",138 000 000,"Source:GAM 2017",,,112 000 000,"Source:GAM_2018",,,115 000 000,"Source:GAM_2023",99 900 000,"Source:GAM_2023",95 300 000,"Source:GAM_2023",106 000 000,"Source:GAM_2023",,,,,,
Honduras,38 300 000,"Source:GARPR 2002- 2014",36 700 000,"Source:GARPR 2002- 2014",,,,,<100,"Source:GAM_2020",<100,"Source:GAM_2020",<100,"Source:GAM_2020",<100,"Source:GAM_2020",25 000 000,"Source:GAM_2022",29 700 000,"Source:GAM_2022",27 300 000,"Source:GAM_2023",52 200 000,"Source:GAM_2024",41 900 000,"Source:GAM_2025"
India,206 000 000,"Source:GARPR 2002- 2014",145 000 000,"Source:GARPR 2002- 2014",164 000 000,"Source:GARPR 2015",,,,,371 000 000,"Source:GARPR 2002- 2014",275 000 000,"Source:GAM_2019",,,414 000 000,"Source:GAM_2021",324 000 000,"Source:GAM_2022",258 000 000,"Source:GAM_2023",277 000 000,"Source:GAM_2024",334 000 000,"Source:GAM_2025"
Indonesia,87 000 000,"Source:GARPR 2002- 2014",,,,,115 000 000,"Source:GAM_2019",<100,"Source:GAM_2020",152 000 000,"Source:GAM_2020",119 000 000,"Source:GAM_2021",158 000 000,"Source:GAM_2023",158 000 000,"Source:GAM_2023",153 000 000,"Source:GAM_2025",157 000 000,"Source:GAM_2025",,,,
Iran (Islamic Republic of),74 500 000,"Source:GARPR 2015",,,,,,,,,<100,"Source:GAM_2021",<100,"Source:GAM_2021",<100,"Source:GAM_2021",<100,"Source:GAM_2021",,,<100,"Source:GAM_2023",,,,
Iraq,,,,,,,,,,,,,,,,,,,,,<100,"Source:GAM_2023",,,,
Israel,,,,,,,,,,,<100,"Source:GAM_2020",,,<100,"Source:GAM_2020",,,,,,,,,,
Jamaica,17 100 000,"Source:GARPR 2015",12 600 000,"Source:GAM 2017",15 500 000,"Source:GAM 2017",<100,"Source:GAM_2020",19 500 000,"Source:GAM_2018",,,<100,"Source:GAM_2023",<100,"Source:GAM_2023",<100,"Source:GAM_2023",<100,"Source:GAM_2023",<100,"Source:GAM_2023",,,,
Japan,,,,,,,,,,,,,,,,,<100,"Source:GAM_2021",,,,,,,,
Jordan,2 000 000,"Source:GARPR 2002- 2014",1 100 000,"Source:GARPR 2002- 2014",,,,,,,,,,,,,<100,"Source:GAM_2021",,,,,,,,
Kazakhstan,37 800 000,"Source:GARPR 2002- 2014",37 800 000,"Source:GARPR 2002- 2014",43 000 000,"Source:GARPR 2015",34 000 000,"Source:GAM 2017",,,34 800 000,"Source:GAM_2018",<100,"Source:GAM_2023",<100,"Source:GAM_2023",<100,"Source:GAM_2023",1 700 000,"Source:GAM_2025",2 300 000,"Source:GAM_2025",64 100 000,"Source:GAM_2025",65 500 000,"Source:GAM_2025"
Kenya,741 000 000,"Source:GAM 2017",800 000 000,"Source:GAM_2018",1 070 000 000,"Source:GAM_2018",,,948 000 000,"Source:GAM_2018",1 170 000 000,"Source:GAM_2018",,,,,795 000 000,"Source:GAM_2021",872 000 000,"Source:GAM_2022",764 000 000,"Source:GAM_2023",,,908 000 000,"Source:GAM_2025"
Kiribati,340 000,"Source:GARPR 2002- 2014",,,670 000,"Source:GARPR 2015",,,<100,"Source:GAM_2020",<100,"Source:GAM_2020",<100,"Source:GAM_2020",170 000,"Source:GAM_2020",<100,"Source:GAM_2021",,,,,,,,
Kuwait,59 500 000,"Source:GARPR 2002- 2014",59 500 000,"Source:GARPR 2002- 2014",22 400 000,"Source:GARPR 2015",,,32 400 000,"Source:GAM 2017",,,,,,,,,,,,,,,,
Kyrgyzstan,13 400 000,"Source:GARPR 2002- 2014",17 600 000,"Source:GARPR 2002- 2014",16 000 000,"Source:GARPR 2015",,,22 000 000,"Source:GAM_2018",<100,"Source:GAM_2020",10 000 000,"Source:GAM_2019",6 900 000,"Source:GAM_2021",10 800 000,"Source:GAM_2021",7 100 000,"Source:GAM_2022",12 600 000,"Source:GAM_2023",12 500 000,"Source:GAM_2024",12 100 000,"Source:GAM_2025"
Lao People's Democratic Republic,,,,,,,,,8 300 000,"Source:GAM_2018",4 600 000,"Source:GAM_2018",,,1 100 000,"Source:GAM_2020",4 300 000,"Source:GAM_2021",<100,"Source:GAM_2023",4 100 000,"Source:GAM_2023",3 500 000,"Source:GAM_2024",3 800 000,"Source:GAM_2025"
Latvia,620 000,"Source:GARPR 2002- 2014",9 500 000,"Source:GARPR 2002- 2014",8 800 000,"Source:GARPR 2015",,,10 300 000,"Source:GAM 2017",14 100 000,"Source:GAM_2018",,,,,,,,,,,,,,
Lebanon,,,5 200 000,"Source:GARPR 2002- 2014",,,,,<100,"Source:GAM_2021",<100,"Source:GAM_2021",,,6 800 000,"Source:GAM_2021",<100,"Source:GAM_2021",,,9 600 000,"Source:GAM_2023",,,,
Lesotho,,,63 500 000,"Source:GAM 2017",,,99 300 000,"Source:GAM_2020",101 000 000,"Source:GAM_2020",110 000 000,"Source:GAM_2020",<100,"Source:GAM_2020",,,,,,,<100,"Source:GAM_2023",,,,
Liberia,,,,,11 500 000,"Source:GAM_2019",10 300 000,"Source:GAM_2019",,,,,,,,,,,,,,,,,,
Libya,,,,,,,,,,,,,,,<100,"Source:GAM_2021",<100,"Source:GAM_2021",,,<100,"Source:GAM_2023",,,,
Liechtenstein,,,,,,,,,,,,,<100,"Source:GAM_2023",,,,,,,<100,"Source:GAM_2023",,,,
Lithuania,2 500 000,"Source:GARPR 2002- 2014",,,,,,,,,,,,,,,,,,,,,,,,
Luxembourg,,,,,,,,,,,2 800 000,"Source:GAM_2018",,,,,,,,,,,,,,
Madagascar,9 800 000,"Source:GARPR 2002- 2014",14 700 000,"Source:GAM_2018",12 700 000,"Source:GAM_2018",16 900 000,"Source:GAM_2018",9 100 000,"Source:GAM_2018",12 000 000,"Source:GAM_2018",150 000,"Source:GAM_2020",3900,"Source:GAM_2020",,,,,<100,"Source:GAM_2023",,,,
Malawi,146 000 000,"Source:GARPR 2015",,,,,228 000 000,"Source:GAM_2018",<100,"Source:GAM_2021",218 000 000,"Source:GAM_2018",,,259 000 000,"Source:GAM_2020",217 000 000,"Source:GAM_2021",207 000 000,"Source:GAM_2023",260 000 000,"Source:GAM_2023",,,279 000 000,"Source:GAM_2025"
Malaysia,56 600 000,"Source:GARPR 2002- 2014",58 100 000,"Source:GARPR 2002- 2014",53 800 000,"Source:GARPR 2015",,,,,<100,"Source:GAM_2020",,,24 400 000,"Source:GAM_2020",20 700 000,"Source:GAM_2021",19 800 000,"Source:GAM_2023",20 600 000,"Source:GAM_2023",19 900 000,"Source:GAM_2024",20 800 000,"Source:GAM_2025"
Maldives,,,,,,,,,,,,,,,,,,,,,<100,"Source:GAM_2023",,,,
Mali,21 800 000,"Source:GARPR 2002- 2014",,,,,,,33 200 000,"Source:GAM_2021",<100,"Source:GAM_2021",<100,"Source:GAM_2021",33 200 000,"Source:GAM_2021",<100,"Source:GAM_2021",<100,"Source:GAM_2023",<100,"Source:GAM_2023",,,3 200 000,"Source:GAM_2025"
Marshall Islands,450 000,"Source:GARPR 2002- 2014",520 000,"Source:GARPR 2015",680 000,"Source:GARPR 2015",,,,,,,,,,,,,,,,,,,,
Mauritania,3 900 000,"Source:GARPR 2002- 2014",2 700 000,"Source:GARPR 2002- 2014",,,,,,,,,<100,"Source:GAM_2021",<100,"Source:GAM_2021",<100,"Source:GAM_2021",,,<100,"Source:GAM_2023",,,,
Mauritius,,,,,,,,,,,,,<100,"Source:GAM_2021",<100,"Source:GAM_2021",<100,"Source:GAM_2021",,,,,,,,
Mexico,,,708 000 000,"Source:GAM_2018",,,936 000 000,"Source:GAM_2018",,,<100,"Source:GAM_2020",,,,,,,,,,,,,,
Micronesia (Federated States of),,,,,340 000,"Source:GARPR 2015",,,,,410 000,"Source:GAM_2018",,,,,,,,,,,,,,
Monaco,,,,,,,,,,,,,,,,,,,,,<100,"Source:GAM_2023",,,,
Mongolia,,,3 600 000,"Source:GARPR 2015",2 900 000,"Source:GARPR 2015",,,5 300 000,"Source:GAM_2019",3 400 000,"Source:GAM_2022",2 500 000,"Source:GAM_2022",2 700 000,"Source:GAM_2022",2 900 000,"Source:GAM_2022",2 500 000,"Source:GAM_2022",,,,,,
Montenegro,,,,,,,,,<100,"Source:GAM_2020",<100,"Source:GAM_2020",<100,"Source:GAM_2020",<100,"Source:GAM_2020",<100,"Source:GAM_2021",,,<100,"Source:GAM_2023",,,,
Morocco,21 500 000,"Source:GARPR 2015",22 700 000,"Source:GARPR 2015",,,22 100 000,"Source:GARPR 2016 pending country verification",,,39 100 000,"Source:GAM_2018",,,<100,"Source:GAM_2020",<100,"Source:GAM_2021",<100,"Source:GAM_2023",<100,"Source:GAM_2023",,,,
Mozambique,257 000 000,"Source:GARPR 2015",354 000 000,"Source:GARPR 2015",,,344 000 000,"Source:GAM 2017 validated records",330 000 000,"Source:GAM 2017 validated records",508 000 000,"Source:GAM_2021",545 000 000,"Source:GAM_2021",558 000 000,"Source:GAM_2020",,,,,,,,,,
Myanmar,42 200 000,"Source:GARPR 2015",56 400 000,"Source:GARPR 2015",,,,,86 200 000,"Source:GAM_2019",106 000 000,"Source:GAM_2019",,,<100,"Source:GAM_2020",,,,,<100,"Source:GAM_2023",,,,
Namibia,206 000 000,"Source:GARPR 2015",213 000 000,"Source:GAM_2018",201 000 000,"Source:GAM_2018",,,163 000 000,"Source:GAM_2021",<100,"Source:GAM_2021",147 000 000,"Source:GAM_2023",,,,,,,,,,,,
Nepal,,,16 400 000,"Source:GAM_2018",18 800 000,"Source:GAM_2018",,,18 900 000,"Source:GAM_2019",20 000 000,"Source:GAM_2019",15 800 000,"Source:GAM_2019",,,,,17 500 000,"Source:GAM_2022",16 000 000,"Source:GAM_2023",18 400 000,"Source:GAM_2024",20 500 000,"Source:GAM_2025"
New Zealand,,,,,,,,,,,30 100 000,"Source:GAM_2018",,,,,,,<100,"Source:GAM_2023",<100,"Source:GAM_2023",,,,
Nicaragua,,,,,,,<100,"Source:GAM_2020",<100,"Source:GAM_2021",<100,"Source:GAM_2021",<100,"Source:GAM_2021",<100,"Source:GAM_2021",<100,"Source:GAM_2021",,,<100,"Source:GAM_2023",,,,
Niger,16 100 000,"Source:GARPR 2002- 2014",13 600 000,"Source:GAM_2018",10 900 000,"Source:GAM_2018",14 400 000,"Source:GAM_2018",18 800 000,"Source:GAM_2018",,,,,<100,"Source:GAM_2020",,,4 500 000,"Source:GAM_2022",<100,"Source:GAM_2023",9 900 000,"Source:GAM_2024",,
Nigeria,574 000 000,"Source:GARPR 2002- 2014",,,,,502 000 000,"Source:GAM_2020",553 000 000,"Source:GAM_2020",560 000 000,"Source:GAM_2020",532 000 000,"Source:GAM_2020",340 000 000,"Source:GAM_2024",482 000 000,"Source:GAM_2024",438 000 000,"Source:GAM_2024",,,,,,
North Macedonia,,,,,,,,,,,,,,,2 300 000,"Source:GAM_2020",,,,,,,,,,
Oman,5 400 000,"Source:GARPR 2002- 2014",3 900 000,"Source:GARPR 2002- 2014",4 300 000,"Source:GARPR 2015",,,,,,,,,<100,"Source:GAM_2020",,,,,<100,"Source:GAM_2023",,,,
Pakistan,10 500 000,"Source:GARPR 2002- 2014",10 000 000,"Source:GARPR 2002- 2014",,,,,,,,,<100,"Source:GAM_2020",8 400 000,"Source:GAM_2020",<100,"Source:GAM_2021",,,20 500 000,"Source:GAM_2023",,,,
Palau,,,410 000,"Source:GARPR 2002- 2014",,,,,,,,,,,,,,,,,,,,,,
Panama,47 800 000,"Source:GARPR 2015",,,,,,,,,,,55 000 000,"Source:GAM_2020",<100,"Source:GAM_2021",3 300 000,"Source:GAM_2021",36 100 000,"Source:GAM_2022",42 700 000,"Source:GAM_2023",49 300 000,"Source:GAM_2024",53 600 000,"Source:GAM_2025"
Papua New Guinea,36 700 000,"Source:GARPR 2002- 2014",,,,,,,20 400 000,"Source:GAM_2021",15 500 000,"Source:GAM_2021",18 500 000,"Source:GAM_2021",23 800 000,"Source:GAM_2021",,,,,23 200 000,"Source:GAM_2025",24 100 000,"Source:GAM_2025",,
Paraguay,13 700 000,"Source:GARPR 2002- 2014",14 900 000,"Source:GARPR 2002- 2014",,,,,,,,,2 200 000,"Source:GAM_2020",3 800 000,"Source:GAM_2021",<100,"Source:GAM_2023",,,5 500 000,"Source:GAM_2023",,,,
Peru,,,74 900 000,"Source:GARPR 2002- 2014",78 100 000,"Source:GARPR 2015",,,,,,,,,<100,"Source:GAM_2021",74 700 000,"Source:GAM_2021",,,71 000 000,"Source:GAM_2023",87 000 000,"Source:GAM_2024",100 000 000,"Source:GAM_2025"
Philippines,9 600 000,"Source:GARPR 2002- 2014",10 300 000,"Source:GARPR 2002- 2014",,,,,,,,,<100,"Source:GAM_2020",<100,"Source:GAM_2020",<100,"Source:GAM_2021",,,,,65 500 000,"Source:GAM_2024",60 400 000,"Source:GAM_2025"
Poland,83 300 000,"Source:GARPR 2002- 2014",90 200 000,"Source:GARPR 2002- 2014",83 700 000,"Source:GARPR 2015",,,,,,,,,,,,,,,,,,,,
Portugal,10 400 000,"Source:GARPR 2002- 2014",275 000 000,"Source:GARPR 2002- 2014",,,,,,,,,,,,,,,,,,,,,,
Qatar,,,,,,,,,,,,,,,,,,,,,<100,"Source:GAM_2023",,,,
Republic of Moldova,9 600 000,"Source:GARPR 2015",7 900 000,"Source:GAM_2018",,,,,,,,,<100,"Source:GAM_2020",8 700 000,"Source:GAM_2020",,,9 700 000,"Source:GAM_2022",,,10 600 000,"Source:GAM_2024",10 600 000,"Source:GAM_2025"
Romania,34 600 000,"Source:GARPR 2002- 2014",,,98 500 000,"Source:GARPR 2015",,,,,71 000 000,"Source:GAM_2018",,,,,,,,,,,,,,
Russian Federation,,,546 000 000,"Source:GARPR 2015",513 000 000,"Source:GARPR 2015",,,,,703 000 000,"Source:GAM_2018",,,,,,,,,,,,,,
Rwanda,244 000 000,"Source:GARPR 2002- 2014",,,196 000 000,"Source:GAM_2018",218 000 000,"Source:GAM_2018",,,,,<100,"Source:GAM_2020",<100,"Source:GAM_2020",<100,"Source:GAM_2021",,,<100,"Source:GAM_2023",,,145 000 000,"Source:GAM_2025"
Saint Kitts and Nevis,82 000,"Source:GARPR 2002- 2014",85 000,"Source:GARPR 2002- 2014",,,,,,,200 000,"Source:GAM_2018",230 000,"Source:GAM_2019",220 000,"Source:GAM_2021",880 000,"Source:GAM_2021",210 000,"Source:GAM_2022",190 000,"Source:GAM_2023",240 000,"Source:GAM_2024",21 000,"Source:GAM_2025"
Saint Lucia,,,,,,,,,110 000,"Source:GAM 2017",150 000,"Source:GAM_2018",<100,"Source:GAM_2023",<100,"Source:GAM_2023",<100,"Source:GAM_2023",190 000,"Source:GAM_2023",<100,"Source:GAM_2023",,,260 000,"Source:GAM_2025"
Saint Vincent and the Grenadines,1 500 000,"Source:GARPR 2002- 2014",,,,,,,,,,,,,,,,,,,,,,,,
Samoa,,,900 000,"Source:GARPR 2002- 2014",,,,,,,200 000,"Source:GAM_2018",170 000,"Source:GAM_2019",80 000,"Source:GAM_2020",,,,,,,,,,
Sao Tome and Principe,440 000,"Source:GARPR 2002- 2014",820 000,"Source:GARPR 2002- 2014",750 000,"Source:GARPR 2015",,,,,,,,,<100,"Source:GAM_2020",,,,,,,,,,
Saudi Arabia,,,,,,,,,,,,,,,,,,,,,<100,"Source:GAM_2023",,,,
Senegal,25 100 000,"Source:GARPR 2016 pending country verification",22 400 000,"Source:GARPR 2016 pending country verification",17 200 000,"Source:GAM_2018",<100,"Source:GAM_2020",<100,"Source:GAM_2020",<100,"Source:GAM_2020",<100,"Source:GAM_2020",<100,"Source:GAM_2023",,,<100,"Source:GAM_2023",1 800 000,"Source:GAM_2023",5 400 000,"Source:GAM_2024",,
Serbia,13 400 000,"Source:GARPR 2002- 2014",16 300 000,"Source:GARPR 2002- 2014",,,,,,,,,,,,,,,,,<100,"Source:GAM_2023",,,,
Seychelles,4 700 000,"Source:GARPR 2015",2 900 000,"Source:GARPR 2015",,,,,<100,"Source:GAM_2021",,,<100,"Source:GAM_2021",<100,"Source:GAM_2021",2 100 000,"Source:GAM_2021",<100,"Source:GAM_2023",4 500 000,"Source:GAM_2023",3 400 000,"Source:GAM_2024",440 000,"Source:GAM_2025"
Sierra Leone,,,,,,,,,,,,,,,,,<100,"Source:GAM_2021",<100,"Source:GAM_2023",6 700 000,"Source:GAM_2023",,,,
Singapore,23 700 000,"Source:GARPR 2002- 2014",23 700 000,"Source:GARPR 2002- 2014",23 200 000,"Source:GARPR 2015",,,27 000 000,"Source:GAM 2017",52 100 000,"Source:GAM_2018",,,,,32 600 000,"Source:GAM_2025",35 600 000,"Source:GAM_2025",34 000 000,"Source:GAM_2025",36 000 000,"Source:GAM_2025",37 700 000,"Source:GAM_2025"
Solomon Islands,,,,,,,,,,,,,1 200 000,"Source:GAM_2019",,,,,,,,,,,,
Somalia,,,,,,,,,,,,,6 000 000,"Source:GAM_2019",6 500 000,"Source:GAM_2020",,,,,,,,,,
South Africa,,,,,1 850 000 000,"Source:GAM 2017",<100,"Source:GAM_2020",<100,"Source:GAM_2020",2 430 000 000,"Source:GAM_2019",2 500 000 000,"Source:GAM_2020",2 550 000 000,"Source:GAM_2022",2 410 000 000,"Source:GAM_2023",2 470 000 000,"Source:GAM_2023",,,1 860 000 000,"Source:GAM_2024",2 070 000 000,"Source:GAM_2025"
South Sudan,24 200 000,"Source:GARPR 2002- 2014",,,,,25 000 000,"Source:GAM_2020",<100,"Source:GAM_2021",<100,"Source:GAM_2021",<100,"Source:GAM_2021",<100,"Source:GAM_2021",<100,"Source:GAM_2023",,,,,,,,
Spain,978 000 000,"Source:GARPR 2002- 2014",919 000 000,"Source:GARPR 2002- 2014",,,,,,,,,,,,,,,,,,,,,,
Sri Lanka,,,1 200 000,"Source:GARPR 2015",,,,,,,,,,,4 300 000,"Source:GAM_2020",11 100 000,"Source:GAM_2021",3 400 000,"Source:GAM_2022",<100,"Source:GAM_2023",7 400 000,"Source:GAM_2024",,
Sudan,18 500 000,"Source:GARPR 2002- 2014",13 800 000,"Source:GARPR 2002- 2014",,,,,,,,,,,<100,"Source:GAM_2021",,,,,<100,"Source:GAM_2023",,,,
Suriname,,,,,,,,,,,,,,,<100,"Source:GAM_2020",,,,,,,,,,
Switzerland,3 400 000,"Source:GARPR 2002- 2014",,,8 000 000,"Source:GAM 2017",7 200 000,"Source:GAM 2017",7 200 000,"Source:GAM 2017",,,,,,,,,,,,,,,,
Syrian Arab Republic,,,,,,,,,<100,"Source:GAM_2020",,,<100,"Source:GAM_2020",<100,"Source:GAM_2020",,,,,,,,,,
Tajikistan,12 700 000,"Source:GARPR 2002- 2014",14 100 000,"Source:GARPR 2002- 2014",,,,,,,13 900 000,"Source:GAM_2021",9 700 000,"Source:GAM_2021",11 500 000,"Source:GAM_2021",2 800 000,"Source:GAM_2023",10 100 000,"Source:GAM_2025",14 200 000,"Source:GAM_2025",15 400 000,"Source:GAM_2025",,
Thailand,283 000 000,"Source:GARPR 2002- 2014",287 000 000,"Source:GARPR 2002- 2014",,,<100,"Source:GAM_2020",,,,,259 000 000,"Source:GAM_2020",296 000 000,"Source:GAM_2020",261 000 000,"Source:GAM_2022",286 000 000,"Source:GAM_2023",243 000 000,"Source:GAM_2024",249 000 000,"Source:GAM_2024",,
Timor-Leste,,,,,,,,,,,,,,,,,<100,"Source:GAM_2023",<100,"Source:GAM_2023",1 200 000,"Source:GAM_2023",2 100 000,"Source:GAM_2024",2 300 000,"Source:GAM_2025"
Togo,20 500 000,"Source:GARPR 2002- 2014",26 900 000,"Source:GARPR 2015",25 300 000,"Source:GARPR 2015",18 200 000,"Source:GAM 2017",24 600 000,"Source:GAM_2018",38 900 000,"Source:GAM_2019",,,20 500 000,"Source:GAM_2021",25 100 000,"Source:GAM_2022",,,<100,"Source:GAM_2023",,,32 900 000,"Source:GAM_2025"
Tonga,,,,,160 000,"Source:GARPR 2015",,,,,,,,,,,,,,,,,,,,
Trinidad and Tobago,,,,,,,,,<100,"Source:GAM_2021",,,,,<100,"Source:GAM_2021",<100,"Source:GAM_2023",,,,,,,,
Tunisia,,,,,,,,,,,,,<100,"Source:GAM_2020",<100,"Source:GAM_2020",<100,"Source:GAM_2021",<100,"Source:GAM_2023",<100,"Source:GAM_2023",,,,
Tuvalu,,,34 000,"Source:GARPR 2002- 2014",,,,,,,,,,,,,,,,,,,,,,
Türkiye,12 300 000,"Source:GARPR 2002- 2014",,,,,,,,,,,<100,"Source:GAM_2020",<100,"Source:GAM_2020",<100,"Source:GAM_2021",,,<100,"Source:GAM_2023",,,,
Uganda,,,,,,,<100,"Source:GAM_2020",<100,"Source:GAM_2020",<100,"Source:GAM_2020",<100,"Source:GAM_2020",<100,"Source:GAM_2020",539 000 000,"Source:GAM_2024",<100,"Source:GAM_2023",<100,"Source:GAM_2023",,,,
Ukraine,124 000 000,"Source:GARPR 2015",,,,,97 700 000,"Source:GAM 2017 validated records",104 000 000,"Source:GAM_2018",108 000 000,"Source:GAM_2020",<100,"Source:GAM_2021",100 000 000,"Source:GAM_2021",,,91 800 000,"Source:GAM_2022",<100,"Source:GAM_2023",,,,
United Arab Emirates,32 500 000,"Source:GARPR 2002- 2014",,,,,,,,,34 600 000,"Source:GAM_2018",<100,"Source:GAM_2020",18 500 000,"Source:GAM_2020",35 400 000,"Source:GAM_2022",<100,"Source:GAM_2023",32 200 000,"Source:GAM_2023",,,1 400 000,"Source:GAM_2025"
United Kingdom,,,,,,,,,166 000 000,"Source:GAM_2018",,,,,,,,,,,,,,,,
United Republic of Tanzania,,,,,,,,,246 000 000,"Source:GAM_2021",265 000 000,"Source:GAM_2022",266 000 000,"Source:GAM_2022",478 000 000,"Source:GAM_2023",558 000 000,"Source:GAM_2023",<100,"Source:GAM_2023",<100,"Source:GAM_2023",,,,
Uruguay,,,,,,,,,<100,"Source:GAM_2021",<100,"Source:GAM_2021",<100,"Source:GAM_2021",<100,"Source:GAM_2021",<100,"Source:GAM_2021",,,<100,"Source:GAM_2023",,,,
Uzbekistan,24 100 000,"Source:GARPR 2002- 2014",21 300 000,"Source:GARPR 2002- 2014",19 100 000,"Source:GARPR 2015",,,,,,,,,,,,,,,,,32 900 000,"Source:GAM_2024",,
Vanuatu,330 000,"Source:GARPR 2002- 2014",870 000,"Source:GARPR 2002- 2014",,,,,87 000,"Source:GAM 2017",,,,,,,,,,,,,,,,
Venezuela (Bolivarian Republic of),66 600 000,"Source:GARPR 2002- 2014",72 600 000,"Source:GARPR 2002- 2014",,,,,9 000 000,"Source:GAM_2018",370 000,"Source:GAM_2018",26 900 000,"Source:GAM_2019",15 100 000,"Source:GAM_2020",14 800 000,"Source:GAM_2021",14 100 000,"Source:GAM_2022",16 200 000,"Source:GAM_2023",,,,
Viet Nam,95 400 000,"Source:GARPR 2002- 2014",,,,,<100,"Source:GAM_2020",,,<100,"Source:GAM_2020",<100,"Source:GAM_2020",,,<100,"Source:GAM_2021",,,<100,"Source:GAM_2023",,,,
Zambia,282 000 000,"Source:GARPR 2002- 2014",,,,,,,,,<100,"Source:GAM_2020",<100,"Source:GAM_2020",450 000 000,"Source:GAM_2024",494 000 000,"Source:GAM_2024",504 000 000,"Source:GAM_2024",,,,,,
Zimbabwe,309 000 000,"Source:GARPR 2002- 2014",253 000 000,"Source:GARPR 2002- 2014",,,,,409 000 000,"Source:GAM_2019",418 000 000,"Source:GAM_2019",<100,"Source:GAM_2023",310 000 000,"Source:GAM_2023",285 000 000,"Source:GAM_2023",,,,,276 000 000,"Source:GAM_2024",,