Country,2015,2015_lower, 2015_upper, 2015_Footnote, 2016,2016_lower, 2016_upper, 2016_Footnote, 2017,2017_lower, 2017_upper, 2017_Footnote, 2018,2018_lower, 2018_upper, 2018_Footnote, 2019,2019_lower, 2019_upper, 2019_Footnote, 2020,2020_lower, 2020_upper, 2020_Footnote, 2021,2021_lower, 2021_upper, 2021_Footnote, 2022,2022_lower, 2022_upper, 2022_Footnote, 2023,2023_lower, 2023_upper, 2023_Footnote, 2024,2024_lower, 2024_upper, 2024_Footnote
Afghanistan,32 ,12 , >98,,32 ,12 , >98,,33 ,12 , >98,,32 ,11 , >98,,32 ,11 , >98,,31 ,10 , >98,,30 ,10 , >98,,30 ,10 , >98,,29 ,9 , >98,,29 ,9 , >98,
Albania,68 ,58 , 75,"Children estimates were not available at the time of publication.",73 ,62 , 80,"Children estimates were not available at the time of publication.",74 ,64 , 82,"Children estimates were not available at the time of publication.",77 ,66 , 85,"Children estimates were not available at the time of publication.",79 ,67 , 87,"Children estimates were not available at the time of publication.",82 ,70 , 91,"Children estimates were not available at the time of publication.",86 ,73 , 95,"Children estimates were not available at the time of publication.",88 ,75 , >98,"Children estimates were not available at the time of publication.",90 ,77 , >98,"Children estimates were not available at the time of publication.",88 ,75 , >98,"Children estimates were not available at the time of publication."
Algeria,66 ,62 , 70,,75 ,70 , 79,,80 ,75 , 86,,84 ,79 , 91,,86 ,80 , 94,,87 ,80 , 95,,88 ,80 , 97,,86 ,77 , 96,,87 ,78 , >98,,86 ,76 , >98,
Angola,50 ,45 , 56,,52 ,46 , 58,,53 ,47 , 60,,55 ,50 , 63,,58 ,52 , 65,,61 ,55 , 69,,64 ,57 , 72,,67 ,60 , 76,,69 ,61 , 78,,71 ,62 , 79,
Antigua and Barbuda,93 ,82 , >98,"Countries with a UNAIDS-approved estimate and population less than 250000 in 2024; not included in regional or global totals",94 ,82 , >98,"Countries with a UNAIDS-approved estimate and population less than 250000 in 2024; not included in regional or global totals",93 ,83 , >98,"Countries with a UNAIDS-approved estimate and population less than 250000 in 2024; not included in regional or global totals",94 ,84 , >98,"Countries with a UNAIDS-approved estimate and population less than 250000 in 2024; not included in regional or global totals",93 ,84 , >98,"Countries with a UNAIDS-approved estimate and population less than 250000 in 2024; not included in regional or global totals",94 ,85 , >98,"Countries with a UNAIDS-approved estimate and population less than 250000 in 2024; not included in regional or global totals",95 ,85 , >98,"Countries with a UNAIDS-approved estimate and population less than 250000 in 2024; not included in regional or global totals",95 ,85 , >98,"Countries with a UNAIDS-approved estimate and population less than 250000 in 2024; not included in regional or global totals",95 ,84 , >98,"Countries with a UNAIDS-approved estimate and population less than 250000 in 2024; not included in regional or global totals",94 ,82 , >98,"Countries with a UNAIDS-approved estimate and population less than 250000 in 2024; not included in regional or global totals"
Argentina,91 ,83 , 98,,92 ,83 , >98,,92 ,84 , >98,,93 ,84 , >98,,93 ,84 , >98,,93 ,84 , >98,,93 ,85 , >98,,94 ,85 , >98,,94 ,85 , >98,,94 ,85 , >98,
Armenia,49 ,41 , 58,,50 ,43 , 59,,52 ,44 , 60,,54 ,46 , 64,,57 ,48 , 69,,58 ,48 , 70,,60 ,49 , 73,,62 ,50 , 78,,62 ,49 , 82,,65 ,51 , 91,
Australia,90 ,82 , 97,,90 ,82 , 98,,90 ,82 , 98,,90 ,82 , 98,,91 ,82 , >98,,91 ,82 , >98,,90 ,82 , >98,,90 ,81 , >98,,91 ,81 , >98,,,,,
Austria,,,,,,,,,,,,,,,,,,,,,,,,,,,,,... ,... , ...,"Estimates were not available at the time of publication.",,,,,,,,
Azerbaijan,53 ,44 , 63,"Children estimates were not available at the time of publication.",59 ,50 , 69,"Children estimates were not available at the time of publication.",64 ,55 , 75,"Children estimates were not available at the time of publication.",69 ,60 , 82,"Children estimates were not available at the time of publication.",75 ,65 , 88,"Children estimates were not available at the time of publication.",78 ,68 , 92,"Children estimates were not available at the time of publication.",83 ,71 , 98,"Children estimates were not available at the time of publication.",89 ,75 , >98,"Children estimates were not available at the time of publication.",95 ,80 , >98,"Children estimates were not available at the time of publication.",>98 ,88 , >98,"Children estimates were not available at the time of publication."
Bahamas,93 ,85 , >98,"Children estimates were not available at the time of publication.",93 ,85 , >98,"Children estimates were not available at the time of publication.",95 ,86 , >98,"Children estimates were not available at the time of publication.",95 ,86 , >98,"Children estimates were not available at the time of publication.",95 ,85 , >98,"Children estimates were not available at the time of publication.",95 ,85 , >98,"Children estimates were not available at the time of publication.",95 ,85 , >98,"Children estimates were not available at the time of publication.",95 ,85 , >98,"Children estimates were not available at the time of publication.",95 ,84 , >98,"Children estimates were not available at the time of publication.",95 ,84 , >98,"Children estimates were not available at the time of publication."
Bahrain,51 ,46 , 57,"Children estimates were not available at the time of publication.",51 ,45 , 57,"Children estimates were not available at the time of publication.",54 ,49 , 60,"Children estimates were not available at the time of publication.",60 ,54 , 66,"Children estimates were not available at the time of publication.",67 ,59 , 74,"Children estimates were not available at the time of publication.",68 ,61 , 77,"Children estimates were not available at the time of publication.",65 ,58 , 74,"Children estimates were not available at the time of publication.",71 ,62 , 81,"Children estimates were not available at the time of publication.",76 ,66 , 88,"Children estimates were not available at the time of publication.",77 ,66 , 90,"Children estimates were not available at the time of publication."
Bangladesh,30 ,28 , 34,,32 ,29 , 35,,36 ,33 , 39,,38 ,35 , 42,,49 ,45 , 54,,53 ,48 , 58,,52 ,48 , 57,,56 ,51 , 61,,58 ,53 , 63,,60 ,55 , 65,
Barbados,91 ,81 , >98,"Children estimates were not available at the time of publication.",91 ,82 , >98,"Children estimates were not available at the time of publication.",92 ,82 , >98,"Children estimates were not available at the time of publication.",92 ,81 , >98,"Children estimates were not available at the time of publication.",92 ,81 , >98,"Children estimates were not available at the time of publication.",92 ,81 , >98,"Children estimates were not available at the time of publication.",92 ,80 , >98,"Children estimates were not available at the time of publication.",92 ,81 , >98,"Children estimates were not available at the time of publication.",93 ,81 , >98,"Children estimates were not available at the time of publication.",93 ,81 , >98,"Children estimates were not available at the time of publication."
Belarus,... ,... , ...,"Estimates were not available at the time of publication.",... ,... , ...,"Estimates were not available at the time of publication.",... ,... , ...,"Estimates were not available at the time of publication.",... ,... , ...,"Estimates were not available at the time of publication.",... ,... , ...,"Estimates were not available at the time of publication.",... ,... , ...,"Estimates were not available at the time of publication.",... ,... , ...,"Estimates were not available at the time of publication.",... ,... , ...,"Estimates were not available at the time of publication.",... ,... , ...,"Estimates were not available at the time of publication.",... ,... , ...,"Estimates were not available at the time of publication."
Belgium,,,,,,,,,,,,,,,,,,,,,92 ,85 , >98,,92 ,85 , >98,,92 ,85 , >98,,93 ,85 , >98,,,,,
Belize,64 ,60 , 69,"Children estimates were not available at the time of publication.",65 ,60 , 69,"Children estimates were not available at the time of publication.",66 ,61 , 70,"Children estimates were not available at the time of publication.",69 ,63 , 73,"Children estimates were not available at the time of publication.",70 ,65 , 75,"Children estimates were not available at the time of publication.",72 ,66 , 77,"Children estimates were not available at the time of publication.",72 ,66 , 77,"Children estimates were not available at the time of publication.",73 ,67 , 78,"Children estimates were not available at the time of publication.",75 ,69 , 81,"Children estimates were not available at the time of publication.",77 ,71 , 84,"Children estimates were not available at the time of publication."
Benin,48 ,42 , 57,,50 ,44 , 60,,58 ,51 , 68,,61 ,54 , 72,,66 ,57 , 77,,72 ,62 , 85,,79 ,69 , 94,,86 ,75 , >98,,82 ,70 , 96,,89 ,77 , >98,
Bhutan,56 ,48 , 66,"Children estimates were not available at the time of publication.",61 ,52 , 71,"Children estimates were not available at the time of publication.",64 ,54 , 75,"Children estimates were not available at the time of publication.",67 ,57 , 79,"Children estimates were not available at the time of publication.",68 ,57 , 80,"Children estimates were not available at the time of publication.",69 ,58 , 80,"Children estimates were not available at the time of publication.",70 ,59 , 82,"Children estimates were not available at the time of publication.",67 ,57 , 79,"Children estimates were not available at the time of publication.",69 ,58 , 80,"Children estimates were not available at the time of publication.",71 ,60 , 83,"Children estimates were not available at the time of publication."
Bosnia and Herzegovina,... ,... , ...,"Estimates were not available at the time of publication.",... ,... , ...,"Estimates were not available at the time of publication.",... ,... , ...,"Estimates were not available at the time of publication.",... ,... , ...,"Estimates were not available at the time of publication.",... ,... , ...,"Estimates were not available at the time of publication.",... ,... , ...,"Estimates were not available at the time of publication.",... ,... , ...,"Estimates were not available at the time of publication.",... ,... , ...,"Estimates were not available at the time of publication.",... ,... , ...,"Estimates were not available at the time of publication.",... ,... , ...,"Estimates were not available at the time of publication."
Botswana,83 ,78 , 86,,85 ,80 , 89,,88 ,83 , 92,,92 ,87 , 97,,94 ,89 , >98,,94 ,89 , >98,,96 ,91 , >98,,96 ,91 , >98,,97 ,91 , >98,,97 ,91 , >98,
Brazil,68 ,62 , 72,,70 ,65 , 75,,73 ,67 , 78,,76 ,69 , 81,,78 ,71 , 83,,79 ,72 , 85,,81 ,74 , 87,,84 ,76 , 90,,86 ,78 , 93,,89 ,80 , 95,
Bulgaria,74 ,63 , 83,"Children estimates were not available at the time of publication.",77 ,65 , 86,"Children estimates were not available at the time of publication.",80 ,67 , 89,"Children estimates were not available at the time of publication.",82 ,69 , 92,"Children estimates were not available at the time of publication.",83 ,70 , 93,"Children estimates were not available at the time of publication.",84 ,71 , 94,"Children estimates were not available at the time of publication.",85 ,72 , 95,"Children estimates were not available at the time of publication.",87 ,74 , 97,"Children estimates were not available at the time of publication.",87 ,74 , 97,"Children estimates were not available at the time of publication.",88 ,74 , 97,"Children estimates were not available at the time of publication."
Burkina Faso,66 ,57 , 76,,69 ,59 , 80,,72 ,62 , 83,,74 ,63 , 84,,78 ,67 , 90,,78 ,66 , 89,,79 ,68 , 91,,81 ,70 , 94,,83 ,71 , 96,,85 ,73 , >98,
Burundi,76 ,67 , 87,,79 ,71 , 92,,82 ,73 , 95,,85 ,76 , >98,,88 ,78 , >98,,90 ,80 , >98,,91 ,81 , >98,,92 ,82 , >98,,93 ,83 , >98,,94 ,85 , >98,
Cabo Verde,52 ,46 , 62,,53 ,46 , 62,,60 ,52 , 70,,68 ,59 , 81,,71 ,62 , 84,,76 ,65 , 90,,81 ,69 , 97,,79 ,66 , 95,,77 ,63 , 93,,80 ,66 , >98,
Cambodia,69 ,61 , 78,,71 ,62 , 80,,73 ,64 , 83,,76 ,67 , 87,,80 ,69 , 91,,81 ,70 , 93,,81 ,70 , 93,,84 ,72 , 98,,88 ,74 , >98,,92 ,76 , >98,
Cameroon,50 ,46 , 54,,56 ,52 , 61,,64 ,59 , 69,,68 ,63 , 75,,72 ,66 , 79,,76 ,69 , 84,,81 ,74 , 90,,86 ,78 , 97,,90 ,82 , >98,,92 ,83 , >98,
Canada,,,,,86 ,72 , 98,,,,,,87 ,72 , >98,,,,,,89 ,73 , >98,,,,,,89 ,74 , >98,,,,,,,,,
Central African Republic,74 ,62 , 86,,73 ,60 , 85,,74 ,61 , 88,,77 ,64 , 93,,78 ,64 , 95,,80 ,65 , >98,,81 ,66 , >98,,88 ,71 , >98,,85 ,67 , >98,,85 ,66 , >98,
Chad,42 ,35 , 50,,47 ,39 , 56,,51 ,42 , 61,,54 ,45 , 65,,58 ,48 , 69,,62 ,52 , 74,,65 ,54 , 78,,68 ,56 , 81,,71 ,59 , 85,,74 ,61 , 88,
Chile,92 ,80 , >98,,93 ,81 , >98,,94 ,82 , >98,,94 ,82 , >98,,94 ,82 , >98,,94 ,83 , >98,,95 ,83 , >98,,95 ,83 , >98,,95 ,83 , >98,,95 ,83 , >98,
China,... ,... , ...,"Estimates were not available at the time of publication.",... ,... , ...,"Estimates were not available at the time of publication.",... ,... , ...,"Estimates were not available at the time of publication.",... ,... , ...,"Estimates were not available at the time of publication.",... ,... , ...,"Estimates were not available at the time of publication.",... ,... , ...,"Estimates were not available at the time of publication.",... ,... , ...,"Estimates were not available at the time of publication.",... ,... , ...,"Estimates were not available at the time of publication.",... ,... , ...,"Estimates were not available at the time of publication.",... ,... , ...,"Estimates were not available at the time of publication."
Colombia,45 ,37 , 55,,49 ,41 , 61,,55 ,45 , 69,,60 ,49 , 75,,65 ,52 , 82,,67 ,54 , 86,,68 ,55 , 88,,76 ,61 , >98,,82 ,65 , >98,,79 ,62 , >98,
Comoros,36 ,21 , 73,"Children estimates were not available at the time of publication.",42 ,25 , 87,"Children estimates were not available at the time of publication.",46 ,28 , 97,"Children estimates were not available at the time of publication.",50 ,31 , >98,"Children estimates were not available at the time of publication.",57 ,35 , >98,"Children estimates were not available at the time of publication.",62 ,37 , >98,"Children estimates were not available at the time of publication.",64 ,38 , >98,"Children estimates were not available at the time of publication.",66 ,39 , >98,"Children estimates were not available at the time of publication.",72 ,42 , >98,"Children estimates were not available at the time of publication.",85 ,50 , >98,"Children estimates were not available at the time of publication."
Congo,32 ,27 , 37,,31 ,26 , 36,,30 ,25 , 36,,30 ,24 , 36,,29 ,23 , 36,,29 ,23 , 35,,29 ,22 , 36,,30 ,23 , 38,,32 ,24 , 41,,36 ,26 , 47,
Costa Rica,55 ,49 , 60,,56 ,51 , 62,,59 ,53 , 65,,62 ,55 , 68,,63 ,55 , 69,,63 ,55 , 69,,68 ,59 , 75,,67 ,58 , 74,,68 ,59 , 76,,69 ,59 , 76,
Croatia,69 ,58 , 78,"Children estimates were not available at the time of publication.",72 ,61 , 82,"Children estimates were not available at the time of publication.",75 ,63 , 86,"Children estimates were not available at the time of publication.",77 ,65 , 88,"Children estimates were not available at the time of publication.",80 ,66 , 90,"Children estimates were not available at the time of publication.",80 ,67 , 90,"Children estimates were not available at the time of publication.",81 ,68 , 92,"Children estimates were not available at the time of publication.",84 ,70 , 95,"Children estimates were not available at the time of publication.",85 ,72 , 97,"Children estimates were not available at the time of publication.",86 ,72 , 98,"Children estimates were not available at the time of publication."
Cuba,66 ,58 , 73,,69 ,59 , 76,,71 ,62 , 79,,73 ,64 , 82,,76 ,66 , 85,,75 ,64 , 83,,77 ,66 , 85,,78 ,67 , 87,,79 ,68 , 88,,81 ,70 , 90,
Cyprus,... ,... , ...,"Estimates were not available at the time of publication.",... ,... , ...,"Estimates were not available at the time of publication.",... ,... , ...,"Estimates were not available at the time of publication.",... ,... , ...,"Estimates were not available at the time of publication.",... ,... , ...,"Estimates were not available at the time of publication.",... ,... , ...,"Estimates were not available at the time of publication.",... ,... , ...,"Estimates were not available at the time of publication.",... ,... , ...,"Estimates were not available at the time of publication.",... ,... , ...,"Estimates were not available at the time of publication.",... ,... , ...,"Estimates were not available at the time of publication."
Czechia,... ,... , ...,"Estimates were not available at the time of publication.",... ,... , ...,"Estimates were not available at the time of publication.",... ,... , ...,"Estimates were not available at the time of publication.",... ,... , ...,"Estimates were not available at the time of publication.",... ,... , ...,"Estimates were not available at the time of publication.",... ,... , ...,"Estimates were not available at the time of publication.",... ,... , ...,"Estimates were not available at the time of publication.",... ,... , ...,"Estimates were not available at the time of publication.",... ,... , ...,"Estimates were not available at the time of publication.",... ,... , ...,"Estimates were not available at the time of publication."
Côte d'Ivoire,62 ,55 , 70,,65 ,59 , 74,,70 ,62 , 80,,73 ,65 , 84,,76 ,67 , 88,,78 ,70 , 91,,80 ,71 , 93,,82 ,73 , 96,,84 ,74 , >98,,85 ,75 , >98,
Democratic Republic of the Congo,35 ,31 , 42,,42 ,36 , 49,,49 ,43 , 58,,53 ,46 , 63,,57 ,49 , 67,,63 ,54 , 75,,69 ,59 , 82,,73 ,62 , 88,,77 ,64 , 92,,77 ,63 , 94,
Denmark,93 ,80 , >98,"Children estimates were not available at the time of publication.",93 ,81 , >98,"Children estimates were not available at the time of publication.",94 ,80 , >98,"Children estimates were not available at the time of publication.",94 ,80 , >98,"Children estimates were not available at the time of publication.",94 ,81 , >98,"Children estimates were not available at the time of publication.",95 ,81 , >98,"Children estimates were not available at the time of publication.",95 ,81 , >98,"Children estimates were not available at the time of publication.",95 ,81 , >98,"Children estimates were not available at the time of publication.",96 ,82 , >98,"Children estimates were not available at the time of publication.",96 ,82 , >98,"Children estimates were not available at the time of publication."
Djibouti,31 ,23 , 41,,37 ,28 , 49,,43 ,31 , 57,,47 ,34 , 63,,46 ,33 , 60,,50 ,36 , 66,,55 ,40 , 73,,60 ,44 , 81,,63 ,47 , 86,,70 ,52 , 95,
Dominica,87 ,75 , >98,"Countries with a UNAIDS-approved estimate and population less than 250000 in 2024; not included in regional or global totals",86 ,75 , >98,"Countries with a UNAIDS-approved estimate and population less than 250000 in 2024; not included in regional or global totals",87 ,74 , >98,"Countries with a UNAIDS-approved estimate and population less than 250000 in 2024; not included in regional or global totals",88 ,76 , >98,"Countries with a UNAIDS-approved estimate and population less than 250000 in 2024; not included in regional or global totals",88 ,75 , >98,"Countries with a UNAIDS-approved estimate and population less than 250000 in 2024; not included in regional or global totals",89 ,76 , >98,"Countries with a UNAIDS-approved estimate and population less than 250000 in 2024; not included in regional or global totals",90 ,75 , >98,"Countries with a UNAIDS-approved estimate and population less than 250000 in 2024; not included in regional or global totals",90 ,75 , >98,"Countries with a UNAIDS-approved estimate and population less than 250000 in 2024; not included in regional or global totals",91 ,75 , >98,"Countries with a UNAIDS-approved estimate and population less than 250000 in 2024; not included in regional or global totals",91 ,74 , >98,"Countries with a UNAIDS-approved estimate and population less than 250000 in 2024; not included in regional or global totals"
Dominican Republic,55 ,47 , 62,,61 ,52 , 70,,68 ,57 , 78,,75 ,62 , 86,,81 ,66 , 94,,78 ,63 , 91,,83 ,66 , 97,,87 ,68 , >98,,90 ,69 , >98,,92 ,69 , >98,
Ecuador,,,,,54 ,48 , 61,,66 ,59 , 74,,75 ,67 , 84,,82 ,73 , 92,,81 ,72 , 91,,82 ,73 , 92,,91 ,81 , >98,,91 ,80 , >98,,92 ,81 , >98,
Egypt,20 ,15 , 27,,24 ,18 , 32,,29 ,22 , 39,,33 ,25 , 45,,37 ,28 , 50,,41 ,31 , 56,,45 ,34 , 61,,50 ,38 , 68,,54 ,40 , 74,,59 ,44 , 82,
El Salvador,92 ,85 , >98,,93 ,85 , >98,,93 ,85 , >98,,93 ,84 , >98,,93 ,85 , >98,,93 ,84 , >98,,93 ,84 , >98,,93 ,83 , >98,,93 ,82 , >98,,93 ,82 , >98,
Equatorial Guinea,... ,... , ...,"Estimates were not available at the time of publication.",... ,... , ...,"Estimates were not available at the time of publication.",... ,... , ...,"Estimates were not available at the time of publication.",... ,... , ...,"Estimates were not available at the time of publication.",... ,... , ...,"Estimates were not available at the time of publication.",... ,... , ...,"Estimates were not available at the time of publication.",... ,... , ...,"Estimates were not available at the time of publication.",... ,... , ...,"Estimates were not available at the time of publication.",... ,... , ...,"Estimates were not available at the time of publication.",... ,... , ...,"Estimates were not available at the time of publication."
Eritrea,66 ,53 , 80,,70 ,57 , 86,,72 ,58 , 88,,75 ,61 , 90,,76 ,62 , 92,,77 ,63 , 92,,78 ,63 , 93,,78 ,63 , 93,,79 ,64 , 94,,79 ,64 , 95,
Estonia,,,,,,,,,>98 ,89 , >98,"Children estimates were not available at the time of publication.",>98 ,89 , >98,"Children estimates were not available at the time of publication.",>98 ,90 , >98,"Children estimates were not available at the time of publication.",>98 ,90 , >98,"Children estimates were not available at the time of publication.",>98 ,90 , >98,"Children estimates were not available at the time of publication.",>98 ,90 , >98,"Children estimates were not available at the time of publication.",... ,... , ...,"Children estimates were not available at the time of publication.",... ,... , ...,"Children estimates were not available at the time of publication."
Eswatini,92 ,86 , >98,,95 ,89 , >98,,96 ,90 , >98,,96 ,90 , >98,,97 ,91 , >98,,97 ,91 , >98,,96 ,90 , >98,,98 ,91 , >98,,98 ,91 , >98,,>98 ,91 , >98,
Ethiopia,75 ,62 , 90,,79 ,66 , 95,,82 ,69 , >98,,85 ,71 , >98,,87 ,72 , >98,,88 ,73 , >98,,88 ,74 , >98,,90 ,75 , >98,,92 ,77 , >98,,94 ,78 , >98,
Fiji,33 ,18 , 46,,31 ,18 , 40,,29 ,19 , 37,,28 ,19 , 35,,26 ,20 , 32,,24 ,20 , 29,,24 ,20 , 30,,20 ,16 , 26,,23 ,18 , 31,,36 ,27 , 54,
Finland,,,,,,,,,,,,,,,,,... ,... , ...,"Estimates were not available at the time of publication.",... ,... , ...,"Estimates were not available at the time of publication.",,,,,,,,,... ,... , ...,"Estimates were not available at the time of publication.",,,,
France,,,,,,,,,,,,,,,,,,,,,,,,,94 ,81 , >98,,94 ,82 , >98,,,,,,,,,
Gabon,69 ,59 , 80,,70 ,61 , 82,,70 ,61 , 82,,71 ,61 , 82,,72 ,62 , 84,,72 ,62 , 86,,73 ,62 , 88,,74 ,63 , 90,,76 ,63 , 93,,77 ,65 , 95,
Gambia,44 ,35 , 55,,47 ,38 , 59,,49 ,39 , 63,,51 ,41 , 66,,54 ,43 , 68,,55 ,43 , 70,,57 ,45 , 71,,59 ,47 , 74,,61 ,48 , 78,,64 ,50 , 81,
Georgia,86 ,80 , 92,"Children estimates were not available at the time of publication.",88 ,82 , 94,"Children estimates were not available at the time of publication.",84 ,79 , 89,"Children estimates were not available at the time of publication.",83 ,78 , 88,"Children estimates were not available at the time of publication.",82 ,77 , 87,"Children estimates were not available at the time of publication.",83 ,78 , 88,"Children estimates were not available at the time of publication.",82 ,78 , 87,"Children estimates were not available at the time of publication.",82 ,77 , 86,"Children estimates were not available at the time of publication.",84 ,79 , 88,"Children estimates were not available at the time of publication.",86 ,81 , 90,"Children estimates were not available at the time of publication."
Germany,88 ,71 , >98,,89 ,72 , >98,,90 ,73 , >98,,91 ,73 , >98,,91 ,74 , >98,,92 ,74 , >98,,92 ,75 , >98,,93 ,76 , >98,,93 ,76 , >98,,,,,
Ghana,51 ,45 , 59,,53 ,46 , 61,,55 ,48 , 63,,57 ,50 , 66,,59 ,51 , 68,,61 ,53 , 71,,63 ,54 , 74,,65 ,56 , 77,,66 ,57 , 79,,68 ,59 , 81,
Greece,85 ,71 , 93,"Children estimates were not available at the time of publication.",85 ,72 , 93,"Children estimates were not available at the time of publication.",86 ,72 , 94,"Children estimates were not available at the time of publication.",87 ,73 , 96,"Children estimates were not available at the time of publication.",87 ,74 , 97,"Children estimates were not available at the time of publication.",88 ,74 , 97,"Children estimates were not available at the time of publication.",88 ,74 , 98,"Children estimates were not available at the time of publication.",89 ,74 , >98,"Children estimates were not available at the time of publication.",89 ,75 , >98,"Children estimates were not available at the time of publication.",90 ,75 , >98,"Children estimates were not available at the time of publication."
Guatemala,71 ,58 , 89,,73 ,60 , 91,,76 ,63 , 95,,77 ,64 , 97,,79 ,66 , >98,,83 ,69 , >98,,87 ,72 , >98,,92 ,76 , >98,,94 ,78 , >98,,... ,... , ...,
Guinea,38 ,33 , 43,,40 ,35 , 45,,43 ,38 , 49,,45 ,39 , 52,,50 ,44 , 58,,56 ,48 , 65,,59 ,50 , 69,,65 ,55 , 76,,71 ,60 , 84,,76 ,64 , 90,
Guinea-Bissau,46 ,41 , 52,,50 ,44 , 56,,53 ,46 , 60,,57 ,49 , 64,,62 ,54 , 70,,67 ,58 , 76,,69 ,60 , 79,,73 ,63 , 85,,77 ,65 , 88,,83 ,70 , 95,
Guyana,72 ,52 , >98,,81 ,58 , >98,,86 ,61 , >98,,85 ,60 , >98,,90 ,65 , >98,,91 ,66 , >98,,93 ,68 , >98,,93 ,68 , >98,,92 ,68 , >98,,92 ,68 , >98,
Haiti,61 ,56 , 69,,63 ,58 , 71,,67 ,61 , 75,,69 ,62 , 77,,71 ,65 , 80,,77 ,70 , 87,,79 ,71 , 90,,81 ,72 , 93,,83 ,73 , 95,,87 ,77 , >98,
Honduras,,,,,66 ,60 , 72,,70 ,64 , 77,,71 ,65 , 78,,74 ,66 , 81,,75 ,68 , 83,,78 ,70 , 86,,79 ,71 , 88,,79 ,71 , 89,,83 ,74 , 93,
Iceland,,,,,,,,,78 ,64 , 90,"Children estimates were not available at the time of publication.",83 ,69 , 95,"Children estimates were not available at the time of publication.",,,,,86 ,72 , >98,"Children estimates were not available at the time of publication.",,,,,85 ,70 , >98,"Children estimates were not available at the time of publication.",90 ,73 , >98,"Children estimates were not available at the time of publication.",88 ,71 , >98,"Children estimates were not available at the time of publication."
India,,,,,,,,,,,,,,,,,,,,,,,,,,,,,76 ,65 , 91,,80 ,68 , 96,,84 ,71 , >98,
Indonesia,,,,,,,,,,,,,,,,,,,,,,,,,,,,,,,,,,,,,60 ,55 , 66,
Iran (Islamic Republic of),... ,... , ...,,... ,... , ...,,... ,... , ...,,... ,... , ...,,... ,... , ...,,... ,... , ...,,... ,... , ...,,... ,... , ...,,... ,... , ...,,62 ,49 , 81,
Iraq,28 ,23 , 34,"Children estimates were not available at the time of publication.",33 ,28 , 41,"Children estimates were not available at the time of publication.",41 ,34 , 51,"Children estimates were not available at the time of publication.",49 ,40 , 61,"Children estimates were not available at the time of publication.",60 ,48 , 76,"Children estimates were not available at the time of publication.",70 ,54 , 90,"Children estimates were not available at the time of publication.",77 ,59 , >98,"Children estimates were not available at the time of publication.",80 ,62 , >98,"Children estimates were not available at the time of publication.",81 ,61 , >98,"Children estimates were not available at the time of publication.",84 ,62 , >98,"Children estimates were not available at the time of publication."
Ireland,,,,,,,,,90 ,79 , 97,,91 ,80 , >98,,,,,,,,,,,,,,91 ,80 , >98,,89 ,79 , >98,,,,,
Israel,,,,,,,,,,,,,,,,,,,,,... ,... , ...,"Estimates were not available at the time of publication.",... ,... , ...,"Estimates were not available at the time of publication.",... ,... , ...,"Estimates were not available at the time of publication.",... ,... , ...,"Estimates were not available at the time of publication.",... ,... , ...,"Estimates were not available at the time of publication."
Italy,,,,,88 ,74 , 98,,89 ,75 , >98,,92 ,77 , >98,,94 ,79 , >98,,93 ,78 , >98,,92 ,77 , >98,,92 ,77 , >98,,91 ,76 , >98,,,,,
Jamaica,... ,... , ...,,... ,... , ...,,... ,... , ...,,... ,... , ...,,... ,... , ...,,... ,... , ...,,... ,... , ...,,... ,... , ...,,... ,... , ...,,... ,... , ...,
Japan,... ,... , ...,"Estimates were not available at the time of publication.",... ,... , ...,"Estimates were not available at the time of publication.",... ,... , ...,"Estimates were not available at the time of publication.",... ,... , ...,"Estimates were not available at the time of publication.",... ,... , ...,"Estimates were not available at the time of publication.",... ,... , ...,"Estimates were not available at the time of publication.",... ,... , ...,"Estimates were not available at the time of publication.",... ,... , ...,"Estimates were not available at the time of publication.",... ,... , ...,"Estimates were not available at the time of publication.",... ,... , ...,"Estimates were not available at the time of publication."
Jordan,45 ,41 , 49,"Children estimates were not available at the time of publication.",49 ,45 , 54,"Children estimates were not available at the time of publication.",50 ,46 , 55,"Children estimates were not available at the time of publication.",54 ,50 , 60,"Children estimates were not available at the time of publication.",57 ,53 , 63,"Children estimates were not available at the time of publication.",60 ,55 , 66,"Children estimates were not available at the time of publication.",55 ,50 , 60,"Children estimates were not available at the time of publication.",67 ,61 , 74,"Children estimates were not available at the time of publication.",75 ,68 , 83,"Children estimates were not available at the time of publication.",84 ,76 , 93,"Children estimates were not available at the time of publication."
Kazakhstan,52 ,49 , 55,,56 ,53 , 60,,61 ,58 , 66,,66 ,62 , 70,,69 ,65 , 74,,72 ,67 , 77,,75 ,70 , 81,,79 ,73 , 85,,82 ,75 , 88,,82 ,75 , 89,
Kenya,87 ,78 , >98,,92 ,83 , >98,,94 ,85 , >98,,95 ,85 , >98,,94 ,84 , >98,,94 ,85 , >98,,95 ,86 , >98,,95 ,86 , >98,,96 ,86 , >98,,97 ,87 , >98,
Kuwait,46 ,33 , 49,"Children estimates were not available at the time of publication.",48 ,35 , 51,"Children estimates were not available at the time of publication.",47 ,34 , 50,"Children estimates were not available at the time of publication.",48 ,35 , 51,"Children estimates were not available at the time of publication.",51 ,38 , 55,"Children estimates were not available at the time of publication.",55 ,41 , 60,"Children estimates were not available at the time of publication.",51 ,37 , 55,"Children estimates were not available at the time of publication.",58 ,42 , 62,"Children estimates were not available at the time of publication.",72 ,52 , 77,"Children estimates were not available at the time of publication.",,,,
Kyrgyzstan,67 ,62 , 74,,69 ,64 , 76,,71 ,66 , 78,,73 ,67 , 79,,74 ,68 , 80,,74 ,69 , 80,,75 ,69 , 81,,76 ,71 , 82,,77 ,71 , 83,,77 ,71 , 83,
Lao People's Democratic Republic,34 ,31 , 37,,40 ,36 , 43,,46 ,41 , 50,,50 ,45 , 55,,55 ,50 , 60,,60 ,54 , 66,,65 ,59 , 71,,70 ,63 , 77,,76 ,69 , 84,,82 ,74 , 90,
Latvia,59 ,55 , 63,"Children estimates were not available at the time of publication.",62 ,57 , 66,"Children estimates were not available at the time of publication.",64 ,60 , 69,"Children estimates were not available at the time of publication.",67 ,63 , 72,"Children estimates were not available at the time of publication.",70 ,66 , 75,"Children estimates were not available at the time of publication.",73 ,68 , 78,"Children estimates were not available at the time of publication.",76 ,71 , 82,"Children estimates were not available at the time of publication.",79 ,73 , 85,"Children estimates were not available at the time of publication.",82 ,75 , 88,"Children estimates were not available at the time of publication.",84 ,77 , 91,"Children estimates were not available at the time of publication."
Lebanon,86 ,77 , 97,"Children estimates were not available at the time of publication.",85 ,76 , 96,"Children estimates were not available at the time of publication.",85 ,75 , 96,"Children estimates were not available at the time of publication.",85 ,74 , 96,"Children estimates were not available at the time of publication.",89 ,77 , >98,"Children estimates were not available at the time of publication.",86 ,74 , >98,"Children estimates were not available at the time of publication.",82 ,69 , 95,"Children estimates were not available at the time of publication.",82 ,68 , 94,"Children estimates were not available at the time of publication.",82 ,68 , 94,"Children estimates were not available at the time of publication.",82 ,69 , 95,"Children estimates were not available at the time of publication."
Lesotho,91 ,84 , >98,,94 ,88 , >98,,96 ,89 , >98,,97 ,90 , >98,,97 ,90 , >98,,97 ,90 , >98,,96 ,89 , >98,,96 ,89 , >98,,96 ,89 , >98,,97 ,89 , >98,
Liberia,46 ,40 , 53,,48 ,41 , 56,,52 ,44 , 61,,56 ,48 , 66,,60 ,51 , 71,,63 ,54 , 76,,67 ,57 , 82,,72 ,61 , 88,,77 ,64 , 94,,86 ,72 , >98,
Libya,77 ,73 , 82,,81 ,76 , 86,,84 ,79 , 89,,87 ,82 , 93,,83 ,77 , 89,,86 ,79 , 92,,87 ,80 , 94,,88 ,81 , 96,,89 ,81 , 98,,90 ,82 , >98,
Lithuania,59 ,54 , 64,"Children estimates were not available at the time of publication.",59 ,54 , 64,"Children estimates were not available at the time of publication.",61 ,56 , 66,"Children estimates were not available at the time of publication.",65 ,59 , 69,"Children estimates were not available at the time of publication.",65 ,59 , 70,"Children estimates were not available at the time of publication.",66 ,60 , 72,"Children estimates were not available at the time of publication.",68 ,60 , 74,"Children estimates were not available at the time of publication.",71 ,62 , 79,"Children estimates were not available at the time of publication.",73 ,62 , 84,"Children estimates were not available at the time of publication.",73 ,61 , 86,"Children estimates were not available at the time of publication."
Luxembourg,78 ,68 , 86,"Children estimates were not available at the time of publication.",78 ,68 , 86,"Children estimates were not available at the time of publication.",80 ,70 , 89,"Children estimates were not available at the time of publication.",79 ,69 , 89,"Children estimates were not available at the time of publication.",80 ,70 , 89,"Children estimates were not available at the time of publication.",81 ,70 , 91,"Children estimates were not available at the time of publication.",83 ,72 , 93,"Children estimates were not available at the time of publication.",86 ,75 , 97,"Children estimates were not available at the time of publication.",93 ,81 , >98,"Children estimates were not available at the time of publication.",84 ,74 , 95,"Children estimates were not available at the time of publication."
Madagascar,4 ,3 , 5,,5 ,4 , 6,,7 ,5 , 8,,9 ,7 , 12,,12 ,9 , 15,,13 ,11 , 18,,16 ,13 , 21,,19 ,15 , 25,,22 ,17 , 29,,29 ,22 , 38,
Malawi,79 ,77 , 84,,83 ,80 , 88,,86 ,83 , 92,,89 ,86 , 95,,91 ,88 , 98,,92 ,88 , >98,,93 ,88 , >98,,93 ,89 , >98,,94 ,90 , >98,,95 ,91 , >98,
Malaysia,71 ,64 , 76,,72 ,65 , 78,,74 ,67 , 81,,76 ,69 , 83,,78 ,71 , 86,,80 ,73 , 88,,82 ,74 , 90,,83 ,75 , 92,,86 ,77 , 95,,64 ,57 , 71,
Maldives,69 ,61 , 86,"Children estimates were not available at the time of publication.",64 ,57 , 78,"Children estimates were not available at the time of publication.",64 ,57 , 78,"Children estimates were not available at the time of publication.",59 ,52 , 70,"Children estimates were not available at the time of publication.",73 ,64 , 89,"Children estimates were not available at the time of publication.",72 ,63 , 90,"Children estimates were not available at the time of publication.",69 ,60 , 87,"Children estimates were not available at the time of publication.",66 ,57 , 84,"Children estimates were not available at the time of publication.",66 ,57 , 85,"Children estimates were not available at the time of publication.",70 ,60 , 92,"Children estimates were not available at the time of publication."
Mali,39 ,35 , 48,,42 ,37 , 52,,46 ,40 , 56,,49 ,43 , 60,,50 ,44 , 62,,55 ,48 , 68,,58 ,50 , 72,,62 ,53 , 76,,66 ,56 , 81,,71 ,61 , 87,
Malta,,,,,,,,,51 ,43 , 59,"Children estimates were not available at the time of publication.",58 ,49 , 68,"Children estimates were not available at the time of publication.",65 ,54 , 75,"Children estimates were not available at the time of publication.",71 ,60 , 83,"Children estimates were not available at the time of publication.",76 ,63 , 89,"Children estimates were not available at the time of publication.",83 ,69 , >98,"Children estimates were not available at the time of publication.",,,,,,,,
Mauritania,37 ,32 , 45,,41 ,35 , 49,,46 ,39 , 55,,50 ,43 , 61,,54 ,47 , 65,,58 ,50 , 70,,62 ,54 , 74,,65 ,56 , 78,,72 ,62 , 87,,78 ,67 , 93,
Mauritius,... ,... , ...,"Estimates were not available at the time of publication.",... ,... , ...,"Estimates were not available at the time of publication.",... ,... , ...,"Estimates were not available at the time of publication.",... ,... , ...,"Estimates were not available at the time of publication.",... ,... , ...,"Estimates were not available at the time of publication.",... ,... , ...,"Estimates were not available at the time of publication.",... ,... , ...,"Estimates were not available at the time of publication.",... ,... , ...,"Estimates were not available at the time of publication.",... ,... , ...,"Estimates were not available at the time of publication.",... ,... , ...,"Estimates were not available at the time of publication."
Mexico,52 ,48 , 56,,55 ,51 , 59,,58 ,53 , 62,,63 ,57 , 67,,66 ,60 , 71,,68 ,61 , 73,,71 ,64 , 77,,74 ,67 , 81,,77 ,69 , 85,,80 ,71 , 89,
Mongolia,33 ,29 , 37,"Children estimates were not available at the time of publication.",36 ,32 , 40,"Children estimates were not available at the time of publication.",38 ,33 , 42,"Children estimates were not available at the time of publication.",39 ,35 , 44,"Children estimates were not available at the time of publication.",40 ,36 , 45,"Children estimates were not available at the time of publication.",42 ,38 , 47,"Children estimates were not available at the time of publication.",43 ,39 , 48,"Children estimates were not available at the time of publication.",44 ,40 , 50,"Children estimates were not available at the time of publication.",46 ,41 , 51,"Children estimates were not available at the time of publication.",47 ,42 , 53,"Children estimates were not available at the time of publication."
Montenegro,,,,,,,,,48 ,40 , 56,"Children estimates were not available at the time of publication.",50 ,42 , 59,"Children estimates were not available at the time of publication.",56 ,46 , 66,"Children estimates were not available at the time of publication.",54 ,45 , 65,"Children estimates were not available at the time of publication.",54 ,44 , 65,"Children estimates were not available at the time of publication.",54 ,45 , 66,"Children estimates were not available at the time of publication.",60 ,50 , 74,"Children estimates were not available at the time of publication.",62 ,51 , 77,"Children estimates were not available at the time of publication."
Morocco,59 ,54 , 66,,61 ,56 , 68,,68 ,63 , 75,,74 ,68 , 82,,76 ,70 , 85,,80 ,73 , 88,,81 ,74 , 90,,77 ,70 , 86,,78 ,70 , 87,,80 ,72 , 90,
Mozambique,62 ,59 , 66,,67 ,64 , 72,,71 ,68 , 76,,75 ,71 , 80,,77 ,73 , 83,,79 ,74 , 85,,81 ,76 , 87,,83 ,78 , 90,,85 ,80 , 93,,87 ,81 , 95,
Myanmar,40 ,35 , 45,,47 ,41 , 54,,54 ,46 , 62,,61 ,51 , 70,,67 ,55 , 77,,71 ,58 , 84,,68 ,54 , 81,,73 ,58 , 90,,75 ,58 , 94,,80 ,61 , >98,
Namibia,84 ,79 , 92,,85 ,79 , 93,,88 ,81 , 96,,90 ,84 , >98,,92 ,85 , >98,,92 ,85 , >98,,93 ,86 , >98,,94 ,86 , >98,,94 ,87 , >98,,96 ,89 , >98,
Nepal,,,,,47 ,43 , 51,,52 ,48 , 57,,58 ,53 , 63,,64 ,58 , 69,,71 ,64 , 77,,72 ,65 , 78,,80 ,72 , 87,,82 ,74 , 90,,91 ,82 , >98,
Netherlands,88 ,80 , 96,,89 ,80 , 97,,90 ,82 , >98,,91 ,83 , >98,,92 ,83 , >98,,93 ,83 , >98,,93 ,82 , >98,,93 ,82 , >98,,93 ,81 , >98,,,,,
New Zealand,68 ,57 , 76,"Children estimates were not available at the time of publication.",71 ,60 , 80,"Children estimates were not available at the time of publication.",74 ,63 , 83,"Children estimates were not available at the time of publication.",77 ,65 , 87,"Children estimates were not available at the time of publication.",77 ,65 , 86,"Children estimates were not available at the time of publication.",78 ,66 , 88,"Children estimates were not available at the time of publication.",80 ,67 , 90,"Children estimates were not available at the time of publication.",80 ,67 , 91,"Children estimates were not available at the time of publication.",85 ,72 , 97,"Children estimates were not available at the time of publication.",87 ,74 , >98,"Children estimates were not available at the time of publication."
Nicaragua,... ,... , ...,"Estimates were not available at the time of publication.",... ,... , ...,"Estimates were not available at the time of publication.",... ,... , ...,"Estimates were not available at the time of publication.",... ,... , ...,"Estimates were not available at the time of publication.",... ,... , ...,"Estimates were not available at the time of publication.",... ,... , ...,"Estimates were not available at the time of publication.",... ,... , ...,"Estimates were not available at the time of publication.",... ,... , ...,"Estimates were not available at the time of publication.",... ,... , ...,"Estimates were not available at the time of publication.",... ,... , ...,"Estimates were not available at the time of publication."
Niger,54 ,48 , 61,,58 ,52 , 65,,62 ,56 , 70,,67 ,60 , 75,,70 ,63 , 79,,73 ,65 , 82,,76 ,68 , 85,,78 ,69 , 88,,78 ,70 , 89,,80 ,71 , 90,
Nigeria,51 ,48 , 56,,55 ,52 , 61,,59 ,55 , 64,,61 ,57 , 67,,64 ,60 , 70,,67 ,63 , 73,,71 ,66 , 77,,74 ,69 , 82,,79 ,73 , 86,,84 ,77 , 91,
North Macedonia,38 ,32 , 44,"Children estimates were not available at the time of publication.",42 ,36 , 48,"Children estimates were not available at the time of publication.",46 ,40 , 53,"Children estimates were not available at the time of publication.",52 ,45 , 60,"Children estimates were not available at the time of publication.",54 ,47 , 64,"Children estimates were not available at the time of publication.",59 ,51 , 70,"Children estimates were not available at the time of publication.",60 ,51 , 72,"Children estimates were not available at the time of publication.",63 ,53 , 77,"Children estimates were not available at the time of publication.",66 ,54 , 80,"Children estimates were not available at the time of publication.",68 ,54 , 82,"Children estimates were not available at the time of publication."
Norway,,,,,,,,,,,,,,,,,,,,,,,,,,,,,,,,,... ,... , ...,"Children estimates were not available at the time of publication.",,,,
Oman,63 ,59 , 69,"Children estimates were not available at the time of publication.",56 ,52 , 60,"Children estimates were not available at the time of publication.",56 ,52 , 60,"Children estimates were not available at the time of publication.",55 ,51 , 59,"Children estimates were not available at the time of publication.",61 ,57 , 66,"Children estimates were not available at the time of publication.",69 ,64 , 75,"Children estimates were not available at the time of publication.",75 ,69 , 81,"Children estimates were not available at the time of publication.",72 ,67 , 79,"Children estimates were not available at the time of publication.",74 ,69 , 81,"Children estimates were not available at the time of publication.",76 ,70 , 84,"Children estimates were not available at the time of publication."
Pakistan,10 ,9 , 11,,11 ,10 , 12,,13 ,11 , 14,,15 ,14 , 17,,18 ,16 , 19,,19 ,17 , 20,,19 ,17 , 20,,19 ,18 , 21,,21 ,19 , 22,,21 ,19 , 23,
Panama,68 ,63 , 73,,70 ,65 , 76,,71 ,65 , 77,,71 ,65 , 77,,73 ,67 , 80,,73 ,67 , 81,,74 ,67 , 81,,79 ,72 , 87,,77 ,70 , 86,,... ,... , ...,
Papua New Guinea,,,,,,,,,,,,,,,,,41 ,37 , 47,,43 ,38 , 49,,45 ,40 , 51,,48 ,43 , 54,,52 ,47 , 60,,59 ,53 , 67,
Paraguay,80 ,74 , 85,,82 ,77 , 88,,84 ,78 , 90,,85 ,79 , 90,,86 ,80 , 92,,87 ,80 , 92,,88 ,81 , 94,,89 ,82 , 95,,90 ,83 , 96,,91 ,83 , 98,
Peru,,,,,,,,,70 ,63 , 82,,72 ,64 , 83,,75 ,67 , 86,,78 ,68 , 89,,80 ,71 , 92,,83 ,73 , 95,,86 ,76 , >98,,87 ,76 , >98,
Philippines,,,,,57 ,47 , 66,,61 ,51 , 71,,64 ,53 , 74,,66 ,55 , 77,,63 ,52 , 73,,62 ,52 , 72,,62 ,52 , 72,,63 ,52 , 73,,62 ,51 , 72,
Poland,... ,... , ...,"Estimates were not available at the time of publication.",... ,... , ...,"Estimates were not available at the time of publication.",... ,... , ...,"Estimates were not available at the time of publication.",... ,... , ...,"Estimates were not available at the time of publication.",... ,... , ...,"Estimates were not available at the time of publication.",... ,... , ...,"Estimates were not available at the time of publication.",... ,... , ...,"Estimates were not available at the time of publication.",... ,... , ...,"Estimates were not available at the time of publication.",... ,... , ...,"Estimates were not available at the time of publication.",,,,
Portugal,,,,,83 ,75 , 91,,,,,,87 ,77 , 95,,88 ,78 , 96,,,,,,91 ,81 , >98,,93 ,82 , >98,,95 ,84 , >98,,,,,
Qatar,70 ,54 , 88,"Children estimates were not available at the time of publication.",60 ,47 , 71,"Children estimates were not available at the time of publication.",60 ,47 , 69,"Children estimates were not available at the time of publication.",61 ,48 , 70,"Children estimates were not available at the time of publication.",62 ,48 , 71,"Children estimates were not available at the time of publication.",63 ,49 , 73,"Children estimates were not available at the time of publication.",65 ,51 , 76,"Children estimates were not available at the time of publication.",66 ,53 , 78,"Children estimates were not available at the time of publication.",69 ,55 , 82,"Children estimates were not available at the time of publication.",71 ,55 , 85,"Children estimates were not available at the time of publication."
Republic of Korea,... ,... , ...,"Estimates were not available at the time of publication.",... ,... , ...,"Estimates were not available at the time of publication.",... ,... , ...,"Estimates were not available at the time of publication.",... ,... , ...,"Estimates were not available at the time of publication.",... ,... , ...,"Estimates were not available at the time of publication.",... ,... , ...,"Estimates were not available at the time of publication.",... ,... , ...,"Estimates were not available at the time of publication.",... ,... , ...,"Estimates were not available at the time of publication.",... ,... , ...,"Estimates were not available at the time of publication.",... ,... , ...,"Estimates were not available at the time of publication."
Republic of Moldova,40 ,34 , 47,,43 ,37 , 51,,47 ,40 , 56,,51 ,43 , 60,,53 ,45 , 62,,55 ,46 , 65,,58 ,49 , 69,,62 ,52 , 73,,66 ,56 , 78,,70 ,59 , 83,
Romania,,,,,,,,,,,,,,,,,,,,,,,,,,,,,,,,,88 ,78 , >98,,91 ,81 , >98,
Russian Federation,... ,... , ...,"Estimates were not available at the time of publication.",... ,... , ...,"Estimates were not available at the time of publication.",... ,... , ...,"Estimates were not available at the time of publication.",... ,... , ...,"Estimates were not available at the time of publication.",... ,... , ...,"Estimates were not available at the time of publication.",... ,... , ...,"Estimates were not available at the time of publication.",... ,... , ...,"Estimates were not available at the time of publication.",... ,... , ...,"Estimates were not available at the time of publication.",... ,... , ...,"Estimates were not available at the time of publication.",... ,... , ...,"Estimates were not available at the time of publication."
Rwanda,87 ,82 , 98,,89 ,83 , >98,,90 ,84 , >98,,91 ,85 , >98,,92 ,86 , >98,,93 ,87 , >98,,94 ,87 , >98,,94 ,87 , >98,,95 ,88 , >98,,96 ,89 , >98,
Saint Kitts and Nevis,87 ,77 , 97,"Countries with a UNAIDS-approved estimate and population less than 250000 in 2024; not included in regional or global totals",88 ,77 , >98,"Countries with a UNAIDS-approved estimate and population less than 250000 in 2024; not included in regional or global totals",89 ,77 , >98,"Countries with a UNAIDS-approved estimate and population less than 250000 in 2024; not included in regional or global totals",89 ,77 , >98,"Countries with a UNAIDS-approved estimate and population less than 250000 in 2024; not included in regional or global totals",89 ,77 , >98,"Countries with a UNAIDS-approved estimate and population less than 250000 in 2024; not included in regional or global totals",91 ,78 , >98,"Countries with a UNAIDS-approved estimate and population less than 250000 in 2024; not included in regional or global totals",90 ,77 , >98,"Countries with a UNAIDS-approved estimate and population less than 250000 in 2024; not included in regional or global totals",91 ,77 , >98,"Countries with a UNAIDS-approved estimate and population less than 250000 in 2024; not included in regional or global totals",91 ,77 , >98,"Countries with a UNAIDS-approved estimate and population less than 250000 in 2024; not included in regional or global totals",92 ,77 , >98,"Countries with a UNAIDS-approved estimate and population less than 250000 in 2024; not included in regional or global totals"
Saint Lucia,90 ,81 , >98,"Countries with a UNAIDS-approved estimate and population less than 250000 in 2024; not included in regional or global totals",91 ,81 , >98,"Countries with a UNAIDS-approved estimate and population less than 250000 in 2024; not included in regional or global totals",91 ,81 , >98,"Countries with a UNAIDS-approved estimate and population less than 250000 in 2024; not included in regional or global totals",93 ,82 , >98,"Countries with a UNAIDS-approved estimate and population less than 250000 in 2024; not included in regional or global totals",93 ,82 , >98,"Countries with a UNAIDS-approved estimate and population less than 250000 in 2024; not included in regional or global totals",94 ,82 , >98,"Countries with a UNAIDS-approved estimate and population less than 250000 in 2024; not included in regional or global totals",93 ,80 , >98,"Countries with a UNAIDS-approved estimate and population less than 250000 in 2024; not included in regional or global totals",94 ,81 , >98,"Countries with a UNAIDS-approved estimate and population less than 250000 in 2024; not included in regional or global totals",93 ,81 , >98,"Countries with a UNAIDS-approved estimate and population less than 250000 in 2024; not included in regional or global totals",94 ,81 , >98,"Countries with a UNAIDS-approved estimate and population less than 250000 in 2024; not included in regional or global totals"
Saint Vincent and the Grenadines,93 ,85 , >98,"Countries with a UNAIDS-approved estimate and population less than 250000 in 2024; not included in regional or global totals",93 ,85 , >98,"Countries with a UNAIDS-approved estimate and population less than 250000 in 2024; not included in regional or global totals",94 ,85 , >98,"Countries with a UNAIDS-approved estimate and population less than 250000 in 2024; not included in regional or global totals",94 ,85 , >98,"Countries with a UNAIDS-approved estimate and population less than 250000 in 2024; not included in regional or global totals",95 ,85 , >98,"Countries with a UNAIDS-approved estimate and population less than 250000 in 2024; not included in regional or global totals",95 ,85 , >98,"Countries with a UNAIDS-approved estimate and population less than 250000 in 2024; not included in regional or global totals",95 ,85 , >98,"Countries with a UNAIDS-approved estimate and population less than 250000 in 2024; not included in regional or global totals",95 ,85 , >98,"Countries with a UNAIDS-approved estimate and population less than 250000 in 2024; not included in regional or global totals",95 ,84 , >98,"Countries with a UNAIDS-approved estimate and population less than 250000 in 2024; not included in regional or global totals",96 ,84 , >98,"Countries with a UNAIDS-approved estimate and population less than 250000 in 2024; not included in regional or global totals"
Sao Tome and Principe,... ,... , ...,"Estimates were not available at the time of publication.",... ,... , ...,"Estimates were not available at the time of publication.",... ,... , ...,"Estimates were not available at the time of publication.",... ,... , ...,"Estimates were not available at the time of publication.",... ,... , ...,"Estimates were not available at the time of publication.",... ,... , ...,"Estimates were not available at the time of publication.",... ,... , ...,"Estimates were not available at the time of publication.",... ,... , ...,"Estimates were not available at the time of publication.",... ,... , ...,"Estimates were not available at the time of publication.",... ,... , ...,"Estimates were not available at the time of publication."
Saudi Arabia,73 ,66 , 79,"Children estimates were not available at the time of publication.",78 ,71 , 85,"Children estimates were not available at the time of publication.",82 ,75 , 88,"Children estimates were not available at the time of publication.",85 ,78 , 92,"Children estimates were not available at the time of publication.",87 ,81 , 95,"Children estimates were not available at the time of publication.",89 ,83 , 96,"Children estimates were not available at the time of publication.",89 ,84 , 97,"Children estimates were not available at the time of publication.",91 ,86 , >98,"Children estimates were not available at the time of publication.",92 ,86 , >98,"Children estimates were not available at the time of publication.",94 ,88 , >98,"Children estimates were not available at the time of publication."
Senegal,67 ,65 , 72,,69 ,67 , 74,,71 ,69 , 75,,74 ,72 , 78,,78 ,75 , 82,,79 ,77 , 84,,80 ,77 , 85,,80 ,77 , 85,,81 ,78 , 86,,82 ,79 , 88,
Serbia,78 ,64 , 89,"Children estimates were not available at the time of publication.",78 ,64 , 88,"Children estimates were not available at the time of publication.",79 ,65 , 90,"Children estimates were not available at the time of publication.",80 ,66 , 92,"Children estimates were not available at the time of publication.",82 ,67 , 94,"Children estimates were not available at the time of publication.",83 ,68 , 95,"Children estimates were not available at the time of publication.",84 ,69 , 96,"Children estimates were not available at the time of publication.",85 ,71 , >98,"Children estimates were not available at the time of publication.",87 ,72 , >98,"Children estimates were not available at the time of publication.",88 ,73 , >98,"Children estimates were not available at the time of publication."
Sierra Leone,46 ,41 , 53,,48 ,43 , 55,,51 ,45 , 59,,55 ,48 , 63,,58 ,50 , 67,,61 ,52 , 70,,66 ,57 , 77,,75 ,63 , 87,,80 ,67 , 95,,87 ,73 , >98,
Singapore,87 ,73 , >98,"Children estimates were not available at the time of publication.",88 ,73 , >98,"Children estimates were not available at the time of publication.",89 ,74 , >98,"Children estimates were not available at the time of publication.",89 ,73 , >98,"Children estimates were not available at the time of publication.",89 ,74 , >98,"Children estimates were not available at the time of publication.",90 ,74 , >98,"Children estimates were not available at the time of publication.",90 ,75 , >98,"Children estimates were not available at the time of publication.",90 ,74 , >98,"Children estimates were not available at the time of publication.",90 ,74 , >98,"Children estimates were not available at the time of publication.",,,,
Slovakia,,,,,,,,,84 ,68 , >98,"Children estimates were not available at the time of publication.",87 ,70 , >98,"Children estimates were not available at the time of publication.",97 ,78 , >98,"Children estimates were not available at the time of publication.",>98 ,80 , >98,"Children estimates were not available at the time of publication.",>98 ,81 , >98,"Children estimates were not available at the time of publication.",92 ,76 , >98,"Children estimates were not available at the time of publication.",88 ,73 , >98,"Children estimates were not available at the time of publication.",88 ,73 , >98,"Children estimates were not available at the time of publication."
Slovenia,83 ,67 , >98,"Children estimates were not available at the time of publication.",87 ,69 , >98,"Children estimates were not available at the time of publication.",87 ,69 , >98,"Children estimates were not available at the time of publication.",87 ,69 , >98,"Children estimates were not available at the time of publication.",88 ,69 , >98,"Children estimates were not available at the time of publication.",88 ,69 , >98,"Children estimates were not available at the time of publication.",88 ,69 , >98,"Children estimates were not available at the time of publication.",90 ,71 , >98,"Children estimates were not available at the time of publication.",91 ,72 , >98,"Children estimates were not available at the time of publication.",93 ,74 , >98,"Children estimates were not available at the time of publication."
Solomon Islands,,,,,,,,,,,,,... ,... , ...,"Estimates were not available at the time of publication.",... ,... , ...,"Estimates were not available at the time of publication.",... ,... , ...,"Estimates were not available at the time of publication.",... ,... , ...,"Estimates were not available at the time of publication.",... ,... , ...,"Estimates were not available at the time of publication.",... ,... , ...,"Estimates were not available at the time of publication.",... ,... , ...,"Estimates were not available at the time of publication."
South Africa,86 ,80 , 94,,89 ,82 , 96,,90 ,83 , 98,,92 ,84 , >98,,93 ,85 , >98,,94 ,86 , >98,,94 ,86 , >98,,95 ,87 , >98,,95 ,87 , >98,,95 ,87 , >98,
South Sudan,... ,... , ...,,... ,... , ...,,... ,... , ...,,... ,... , ...,,... ,... , ...,,... ,... , ...,,... ,... , ...,,... ,... , ...,,... ,... , ...,,... ,... , ...,
Spain,,,,,87 ,75 , 97,,90 ,77 , >98,,,,,,,,,,,,,,89 ,76 , >98,,,,,,,,,,,,,
Sri Lanka,,,,,,,,,38 ,35 , 43,"Children estimates were not available at the time of publication.",45 ,40 , 50,"Children estimates were not available at the time of publication.",52 ,47 , 58,"Children estimates were not available at the time of publication.",56 ,50 , 63,"Children estimates were not available at the time of publication.",61 ,54 , 69,"Children estimates were not available at the time of publication.",68 ,60 , 77,"Children estimates were not available at the time of publication.",77 ,67 , 87,"Children estimates were not available at the time of publication.",87 ,75 , >98,"Children estimates were not available at the time of publication."
Sudan,32 ,25 , 41,,36 ,28 , 47,,40 ,31 , 52,,43 ,34 , 57,,45 ,35 , 60,,44 ,34 , 60,,42 ,32 , 58,,41 ,31 , 58,,39 ,29 , 55,,37 ,27 , 54,
Suriname,50 ,46 , 56,,51 ,46 , 58,,52 ,47 , 58,,50 ,45 , 56,,49 ,44 , 55,,55 ,49 , 61,,52 ,46 , 58,,48 ,43 , 54,,51 ,45 , 57,,53 ,47 , 60,
Sweden,>98 ,87 , >98,"Numbers are estimated by UNAIDS using the Spectrum model, based on the official national estimates. Any differences are within uncertainty margins of both sets of estimates, reflecting methodologies and assumptions. (https://pubmed.ncbi.nlm.nih.gov/39421951/).",>98 ,87 , >98,"Numbers are estimated by UNAIDS using the Spectrum model, based on the official national estimates. Any differences are within uncertainty margins of both sets of estimates, reflecting methodologies and assumptions. (https://pubmed.ncbi.nlm.nih.gov/39421951/).",>98 ,88 , >98,"Numbers are estimated by UNAIDS using the Spectrum model, based on the official national estimates. Any differences are within uncertainty margins of both sets of estimates, reflecting methodologies and assumptions. (https://pubmed.ncbi.nlm.nih.gov/39421951/).",>98 ,87 , >98,"Numbers are estimated by UNAIDS using the Spectrum model, based on the official national estimates. Any differences are within uncertainty margins of both sets of estimates, reflecting methodologies and assumptions. (https://pubmed.ncbi.nlm.nih.gov/39421951/).",>98 ,87 , >98,"Numbers are estimated by UNAIDS using the Spectrum model, based on the official national estimates. Any differences are within uncertainty margins of both sets of estimates, reflecting methodologies and assumptions. (https://pubmed.ncbi.nlm.nih.gov/39421951/).",98 ,85 , >98,"Numbers are estimated by UNAIDS using the Spectrum model, based on the official national estimates. Any differences are within uncertainty margins of both sets of estimates, reflecting methodologies and assumptions. (https://pubmed.ncbi.nlm.nih.gov/39421951/).",96 ,84 , >98,"Numbers are estimated by UNAIDS using the Spectrum model, based on the official national estimates. Any differences are within uncertainty margins of both sets of estimates, reflecting methodologies and assumptions. (https://pubmed.ncbi.nlm.nih.gov/39421951/).",97 ,84 , >98,"Numbers are estimated by UNAIDS using the Spectrum model, based on the official national estimates. Any differences are within uncertainty margins of both sets of estimates, reflecting methodologies and assumptions. (https://pubmed.ncbi.nlm.nih.gov/39421951/).",... ,... , ...,"Numbers are estimated by UNAIDS using the Spectrum model, based on the official national estimates. Any differences are within uncertainty margins of both sets of estimates, reflecting methodologies and assumptions. (https://pubmed.ncbi.nlm.nih.gov/39421951/).",... ,... , ...,"Numbers are estimated by UNAIDS using the Spectrum model, based on the official national estimates. Any differences are within uncertainty margins of both sets of estimates, reflecting methodologies and assumptions. (https://pubmed.ncbi.nlm.nih.gov/39421951/)."
Switzerland,87 ,75 , 97,"Children estimates were not available at the time of publication.",89 ,77 , >98,"Children estimates were not available at the time of publication.",93 ,80 , >98,"Children estimates were not available at the time of publication.",93 ,80 , >98,"Children estimates were not available at the time of publication.",92 ,80 , >98,"Children estimates were not available at the time of publication.",93 ,80 , >98,"Children estimates were not available at the time of publication.",93 ,80 , >98,"Children estimates were not available at the time of publication.",92 ,79 , >98,"Children estimates were not available at the time of publication.",92 ,79 , >98,"Children estimates were not available at the time of publication.",,,,
Syrian Arab Republic,52 ,45 , 60,"Children estimates were not available at the time of publication.",55 ,47 , 64,"Children estimates were not available at the time of publication.",58 ,50 , 68,"Children estimates were not available at the time of publication.",61 ,52 , 72,"Children estimates were not available at the time of publication.",64 ,55 , 76,"Children estimates were not available at the time of publication.",65 ,55 , 78,"Children estimates were not available at the time of publication.",67 ,56 , 81,"Children estimates were not available at the time of publication.",68 ,56 , 83,"Children estimates were not available at the time of publication.",71 ,58 , 88,"Children estimates were not available at the time of publication.",72 ,57 , 91,"Children estimates were not available at the time of publication."
Tajikistan,41 ,40 , 41,,46 ,45 , 47,,53 ,51 , 53,,61 ,59 , 62,,66 ,63 , 66,,71 ,68 , 71,,74 ,72 , 75,,80 ,77 , 81,,85 ,82 , 86,,90 ,87 , 91,
Thailand,,,,,,,,,,,,,75 ,68 , 85,,79 ,71 , 90,,80 ,71 , 91,,84 ,75 , 96,,88 ,77 , >98,,92 ,80 , >98,,96 ,84 , >98,
Timor-Leste,35 ,31 , 41,"Children estimates were not available at the time of publication.",37 ,32 , 43,"Children estimates were not available at the time of publication.",37 ,33 , 43,"Children estimates were not available at the time of publication.",41 ,36 , 48,"Children estimates were not available at the time of publication.",49 ,43 , 57,"Children estimates were not available at the time of publication.",50 ,44 , 58,"Children estimates were not available at the time of publication.",57 ,49 , 66,"Children estimates were not available at the time of publication.",65 ,56 , 76,"Children estimates were not available at the time of publication.",75 ,64 , 88,"Children estimates were not available at the time of publication.",84 ,71 , >98,"Children estimates were not available at the time of publication."
Togo,64 ,54 , 75,,67 ,57 , 79,,71 ,61 , 84,,76 ,64 , 89,,80 ,67 , 94,,84 ,70 , >98,,85 ,71 , >98,,86 ,71 , >98,,89 ,74 , >98,,92 ,76 , >98,
Trinidad and Tobago,... ,... , ...,"Estimates were not available at the time of publication.",... ,... , ...,"Estimates were not available at the time of publication.",... ,... , ...,"Estimates were not available at the time of publication.",... ,... , ...,"Estimates were not available at the time of publication.",... ,... , ...,"Estimates were not available at the time of publication.",... ,... , ...,"Estimates were not available at the time of publication.",... ,... , ...,"Estimates were not available at the time of publication.",... ,... , ...,"Estimates were not available at the time of publication.",... ,... , ...,"Estimates were not available at the time of publication.",... ,... , ...,"Estimates were not available at the time of publication."
Tunisia,,,,,,,,,,,,,,,,,,,,,22 ,15 , 35,,23 ,15 , 37,,27 ,18 , 44,,28 ,19 , 48,,36 ,24 , 61,
Türkiye,... ,... , ...,"Estimates were not available at the time of publication.",... ,... , ...,"Estimates were not available at the time of publication.",... ,... , ...,"Estimates were not available at the time of publication.",,,,,,,,,,,,,,,,,,,,,,,,,,,,
Uganda,82 ,79 , 88,,84 ,81 , 91,,86 ,83 , 94,,88 ,85 , 96,,89 ,85 , 96,,89 ,85 , 97,,89 ,85 , 98,,91 ,86 , >98,,93 ,87 , >98,,94 ,89 , >98,
Ukraine,... ,... , ...,"Estimates were not available at the time of publication.",... ,... , ...,"Estimates were not available at the time of publication.",... ,... , ...,"Estimates were not available at the time of publication.",... ,... , ...,"Estimates were not available at the time of publication.",... ,... , ...,"Estimates were not available at the time of publication.",... ,... , ...,"Estimates were not available at the time of publication.",... ,... , ...,"Estimates were not available at the time of publication.",... ,... , ...,"Estimates were not available at the time of publication.",... ,... , ...,"Estimates were not available at the time of publication.",... ,... , ...,"Estimates were not available at the time of publication."
United Arab Emirates,93 ,80 , >98,"Children estimates were not available at the time of publication.",93 ,80 , >98,"Children estimates were not available at the time of publication.",92 ,81 , >98,"Children estimates were not available at the time of publication.",92 ,81 , >98,"Children estimates were not available at the time of publication.",91 ,81 , >98,"Children estimates were not available at the time of publication.",95 ,83 , >98,"Children estimates were not available at the time of publication.",97 ,83 , >98,"Children estimates were not available at the time of publication.",94 ,80 , >98,"Children estimates were not available at the time of publication.",94 ,79 , >98,"Children estimates were not available at the time of publication.",93 ,77 , >98,"Children estimates were not available at the time of publication."
United Kingdom,,,,,93 ,78 , >98,"Numbers are estimated by UNAIDS using the Spectrum model, based on the official national estimates (accessed May 2025). Any differences are within uncertainty margins of both sets of estimates, reflecting methodologies and assumptions. (https://www.gov.uk/government/statistics/hiv-annual-data-tables).",93 ,78 , >98,"Numbers are estimated by UNAIDS using the Spectrum model, based on the official national estimates (accessed May 2025). Any differences are within uncertainty margins of both sets of estimates, reflecting methodologies and assumptions. (https://www.gov.uk/government/statistics/hiv-annual-data-tables).",92 ,78 , >98,"Numbers are estimated by UNAIDS using the Spectrum model, based on the official national estimates (accessed May 2025). Any differences are within uncertainty margins of both sets of estimates, reflecting methodologies and assumptions. (https://www.gov.uk/government/statistics/hiv-annual-data-tables).",94 ,79 , >98,"Numbers are estimated by UNAIDS using the Spectrum model, based on the official national estimates (accessed May 2025). Any differences are within uncertainty margins of both sets of estimates, reflecting methodologies and assumptions. (https://www.gov.uk/government/statistics/hiv-annual-data-tables).",92 ,78 , >98,"Numbers are estimated by UNAIDS using the Spectrum model, based on the official national estimates (accessed May 2025). Any differences are within uncertainty margins of both sets of estimates, reflecting methodologies and assumptions. (https://www.gov.uk/government/statistics/hiv-annual-data-tables).",93 ,78 , >98,"Numbers are estimated by UNAIDS using the Spectrum model, based on the official national estimates (accessed May 2025). Any differences are within uncertainty margins of both sets of estimates, reflecting methodologies and assumptions. (https://www.gov.uk/government/statistics/hiv-annual-data-tables).",94 ,80 , >98,"Numbers are estimated by UNAIDS using the Spectrum model, based on the official national estimates (accessed May 2025). Any differences are within uncertainty margins of both sets of estimates, reflecting methodologies and assumptions. (https://www.gov.uk/government/statistics/hiv-annual-data-tables).",96 ,82 , >98,"Numbers are estimated by UNAIDS using the Spectrum model, based on the official national estimates (accessed May 2025). Any differences are within uncertainty margins of both sets of estimates, reflecting methodologies and assumptions. (https://www.gov.uk/government/statistics/hiv-annual-data-tables).",,,,
United Republic of Tanzania,67 ,63 , 72,,71 ,68 , 77,,76 ,72 , 82,,79 ,75 , 86,,81 ,77 , 88,,82 ,78 , 90,,83 ,78 , 91,,84 ,79 , 93,,86 ,81 , 96,,90 ,84 , >98,
United States,... ,... , ...,"Estimates were not available at the time of publication.",... ,... , ...,"Estimates were not available at the time of publication.",... ,... , ...,"Estimates were not available at the time of publication.",... ,... , ...,"Estimates were not available at the time of publication.",... ,... , ...,"Estimates were not available at the time of publication.",,,,,... ,... , ...,"Estimates were not available at the time of publication.",... ,... , ...,"Estimates were not available at the time of publication.",... ,... , ...,"Estimates were not available at the time of publication.",... ,... , ...,"Estimates were not available at the time of publication."
Uruguay,... ,... , ...,"Estimates were not available at the time of publication.",... ,... , ...,"Estimates were not available at the time of publication.",... ,... , ...,"Estimates were not available at the time of publication.",... ,... , ...,"Estimates were not available at the time of publication.",... ,... , ...,"Estimates were not available at the time of publication.",... ,... , ...,"Estimates were not available at the time of publication.",... ,... , ...,"Estimates were not available at the time of publication.",... ,... , ...,"Estimates were not available at the time of publication.",... ,... , ...,"Estimates were not available at the time of publication.",... ,... , ...,"Estimates were not available at the time of publication."
Uzbekistan,... ,... , ...,"Estimates were not available at the time of publication.",... ,... , ...,"Estimates were not available at the time of publication.",... ,... , ...,"Estimates were not available at the time of publication.",... ,... , ...,"Estimates were not available at the time of publication.",... ,... , ...,"Estimates were not available at the time of publication.",... ,... , ...,"Estimates were not available at the time of publication.",... ,... , ...,"Estimates were not available at the time of publication.",... ,... , ...,"Estimates were not available at the time of publication.",... ,... , ...,"Estimates were not available at the time of publication.",... ,... , ...,"Estimates were not available at the time of publication."
Vanuatu,,,,,,,,,... ,... , ...,"Estimates were not available at the time of publication.",... ,... , ...,"Estimates were not available at the time of publication.",,,,,,,,,,,,,,,,,... ,... , ...,"Estimates were not available at the time of publication.",... ,... , ...,"Estimates were not available at the time of publication."
Venezuela (Bolivarian Republic of),82 ,74 , 88,,81 ,72 , 88,,80 ,71 , 88,,76 ,66 , 84,,82 ,70 , 91,,83 ,70 , 93,,81 ,68 , 91,,80 ,66 , 91,,80 ,66 , 92,,79 ,65 , 92,
Viet Nam,,,,,,,,,,,,,,,,,,,,,,,,,81 ,72 , 90,,83 ,74 , 93,,87 ,78 , >98,,90 ,80 , >98,
Yemen,36 ,34 , 38,,37 ,35 , 39,,37 ,35 , 39,,37 ,35 , 40,,38 ,35 , 40,,37 ,34 , 41,,38 ,34 , 42,,38 ,35 , 43,,39 ,36 , 44,,40 ,36 , 46,
Zambia,79 ,75 , 84,,80 ,77 , 86,,83 ,80 , 89,,87 ,84 , 93,,89 ,85 , 95,,90 ,86 , 97,,91 ,86 , 98,,93 ,88 , >98,,94 ,89 , >98,,95 ,90 , >98,
Zimbabwe,79 ,76 , 89,,82 ,78 , 92,,83 ,79 , 94,,83 ,79 , 94,,85 ,82 , 97,,88 ,84 , >98,,89 ,85 , >98,,93 ,89 , >98,,94 ,90 , >98,,95 ,90 , >98,
Global,69 ,55,81,,72 ,58,84,,75 ,60,87,,77 ,62,90,,79 ,63,92,,80 ,64,93,,82 ,65,95,,84 ,67,97,,85 ,68,>98,,87 ,69,>98,