priority,experiment_id,title,layer,family,candidate_family,row_scope,candidate_mean_mae,carry_forward_mean_mae,candidate_minus_carry_forward,r10_comparable_candidate_mean_mae,r10_reference_mae,candidate_minus_r10,carry_gate,r10_gate,decision,kept_claim,blocker_count
1,R13-001,Conserved annual incidence/death/PLHIV gate on R19,annual_official_measurement,official_annual_challenge_gate,r19_joint_service_cascade_process,official_annual_q4,0.3966555315147762,0.5924720011390459,-0.19581646962426963,,,,pass,not_applicable,promote_for_next_wave,conserved_annual_gate_passes,0
2,R13-002,Two-factor monthly program nowcast on DOH program evidence,monthly_program_state,r14_two_factor_program_process,,program,0.09651501760480778,0.17638042981766966,-0.07986541221286188,0.09651501760480778,0.09530345873034501,0.0012115588744627676,pass,fail,keep_as_diagnostic,beats_carry_forward_but_not_all_promotion_gates,1
3,R13-003,Locked R11-28 full-support research reference,reference_lock,multi_horizon_weighted_process,,all,0.3620179568964221,0.5512035229281876,-0.18918556603176556,0.15751218208858528,0.11345837623390577,0.04405380585467951,pass,fail,keep_as_diagnostic,beats_carry_forward_but_not_all_promotion_gates,1
4,R13-004,Stock-cone-safe annual-anchor trajectory replay,annual_anchor_route,r12_stock_cone_safe_annual_trajectory_process,,annual_anchor,0.04770596651932397,0.23199231665715123,-0.18428635013782727,0.04770596651932397,0.12253583498568615,-0.07482986846636219,pass,pass,promote_for_next_wave,candidate_passes_priority_gate,0
5,R13-005,DOH quarterly short-horizon adequacy under R11-28,support_adequacy,multi_horizon_weighted_process,,doh_quarterly,,,,,0.09530345873034501,,fail,fail,blocked,not_evaluable,3
6,R13-006,R19 joint ART/VL/suppression service process stress test,program_route,r19_joint_service_cascade_process,,program,0.5074996079580492,0.7518898350543525,-0.24439022709630331,0.16400437707779986,0.12253583498568615,0.0414685420921137,pass,fail,keep_as_diagnostic,beats_carry_forward_but_not_all_promotion_gates,1
7,R13-007,D/A process-split transition on full support,transition_process,r12_da_process_split_transition,,all,0.13749147938055595,0.3143181195956349,-0.17682664021507893,0.13749147938055595,0.11345837623390577,0.024033103146650178,pass,fail,keep_as_diagnostic,beats_carry_forward_but_not_all_promotion_gates,1
8,R13-008,D/A residual-source process replay,lineage_residual,r12_da_residual_source_process,,all,0.1409165028345135,0.3143181195956349,-0.17340161676112137,0.1409165028345135,0.11345837623390577,0.027458126600607743,pass,fail,keep_as_diagnostic,beats_carry_forward_but_not_all_promotion_gates,1
9,R13-009,Era-stratified D/A transition baseline,transition_process,era_datv_transition_process,,all,0.1388491989466932,0.3143181195956349,-0.17546892064894168,0.1388491989466932,0.11345837623390577,0.025390822712787434,pass,fail,keep_as_diagnostic,beats_carry_forward_but_not_all_promotion_gates,1
10,R13-010,Non-era D/A transition baseline,transition_process,datv_transition_process,,all,0.1705167828786267,0.3143181195956349,-0.14380133671700818,0.1705167828786267,0.11345837623390577,0.057058406644720935,pass,fail,keep_as_diagnostic,beats_carry_forward_but_not_all_promotion_gates,1
11,R13-011,Diagnosis-flow lagged stock process,diagnosis_flow,diagnosis_lag_stock_process,,all,0.17931097628770412,0.3067771075638811,-0.12746613127617698,0.17931097628770412,0.11345837623390577,0.06585260005379835,pass,fail,keep_as_diagnostic,beats_carry_forward_but_not_all_promotion_gates,1
12,R13-012,Stock-flow reconciliation process,diagnosis_flow,stock_flow_reconciliation_process,,all,0.4318350462072482,0.3067771075638811,0.12505793864336712,0.4318350462072482,0.11345837623390577,0.31837666997334246,fail,fail,reject,does_not_beat_carry_forward,1
13,R13-013,Support-era diagnosis-flow reporting process,diagnosis_flow,support_era_diagnosis_flow_process,,all,0.17992753796320357,0.3067771075638811,-0.12684956960067753,0.17992753796320357,0.11345837623390577,0.0664691617292978,pass,fail,keep_as_diagnostic,beats_carry_forward_but_not_all_promotion_gates,1
14,R13-014,Diagnosed-stock reporting-bias process,diagnosed_observation,diagnosed_reporting_bias_process,,all,0.21614087856573758,0.3143181195956349,-0.0981772410298973,0.21614087856573758,0.11345837623390577,0.10268250233183181,pass,fail,keep_as_diagnostic,beats_carry_forward_but_not_all_promotion_gates,1
15,R13-015,ART-specific horizon selector,art_process,art_horizon_selector_process,,all,0.1844100942243286,0.36208254527781164,-0.17767245105348303,0.1844100942243286,0.11345837623390577,0.07095171799042284,pass,fail,keep_as_diagnostic,beats_carry_forward_but_not_all_promotion_gates,1
16,R13-016,Conditional VL/suppression horizon selector,back_half_rates,conditional_rate_horizon_selector,,all,0.7503068149778954,0.9386981368771424,-0.188391321899247,,0.11345837623390577,,pass,pass,promote_for_next_wave,candidate_passes_priority_gate,0
17,R13-017,Back-half conditional-rate replay,back_half_rates,back_half_conditional_rates,,all,0.6468113366000751,0.7325582612243539,-0.0857469246242788,0.2616538343016821,0.11345837623390577,0.14819545806777634,pass,pass,promote_for_next_wave,candidate_passes_priority_gate,0
18,R13-018,R10-style train-origin readout teacher,readout_teacher,r10_style_readout_teacher,,all,0.23234686751702113,0.3067771075638811,-0.07443024004685997,0.23234686751702113,0.11345837623390577,0.11888849128311536,pass,fail,keep_as_diagnostic,beats_carry_forward_but_not_all_promotion_gates,1
19,R13-019,Local-level state filter baseline,observation_filter,local_level_filter,,all,0.3331705527911457,0.28697436438140306,0.046196188409742656,0.19235327967686414,0.09530345873034501,0.09704982094651912,fail,pass,reject,does_not_beat_carry_forward,0
20,R13-020,Support reporting-bias filter baseline,observation_filter,support_reporting_bias,,all,0.39350860231419854,0.28697436438140306,0.10653423793279548,0.3578179766878404,0.09530345873034501,0.26251451795749536,fail,pass,reject,does_not_beat_carry_forward,0
21,R13-021,Support-partition calibration baseline,observation_filter,support_partition_calibration,,all,0.2774131491200901,0.28697436438140306,-0.009561215261312983,0.08823461184256355,0.09530345873034501,-0.007068846887781463,pass,pass,promote_for_next_wave,candidate_passes_priority_gate,0
22,R13-022,Empirical-Bayes transition shrinkage baseline,transition_shrinkage,transition_shrinkage,,all,0.2977878304750246,0.28697436438140306,0.010813466093621549,0.18300360116090952,0.09530345873034501,0.08770014243056451,fail,pass,reject,does_not_beat_carry_forward,0
23,R13-023,ART linkage lag kernel baseline,linkage_delay,linkage_lag_kernel,,all,0.18094954741202615,0.2120307374415218,-0.031081190029495637,0.18094954741202615,0.09530345873034501,0.08564608868168114,pass,fail,keep_as_diagnostic,beats_carry_forward_but_not_all_promotion_gates,1
24,R13-024,Linkage lag plus support partition,linkage_delay,linkage_lag_plus_support_partition,,all,0.3196723593658616,0.3342188011208618,-0.014546441755000195,0.14730557652141127,0.09530345873034501,0.052002117791066255,fail,pass,reject,does_not_beat_carry_forward,0
25,R13-025,R12 long-horizon stock shape on annual anchors,annual_anchor_route,r12_long_horizon_stock_shape_process,,annual_anchor,0.06159437500915221,0.23199231665715123,-0.170397941647999,0.06159437500915221,0.12253583498568615,-0.06094145997653395,pass,pass,promote_for_next_wave,candidate_passes_priority_gate,0
26,R13-026,Program D/A nowcast with two-factor monthly state,program_route,r14_two_factor_program_process,,program,0.07030448373057849,0.17550735567137946,-0.10520287194080097,0.07030448373057849,0.09530345873034501,-0.024998974999766527,pass,fail,keep_as_diagnostic,beats_carry_forward_but_not_all_promotion_gates,1
27,R13-027,DOH quarterly D/A short-horizon reference,doh_quarterly,multi_horizon_weighted_process,,doh_quarterly,,,,,0.09530345873034501,,fail,fail,blocked,not_evaluable,3
28,R13-028,DOH monthly D/A short-horizon reference,doh_monthly,multi_horizon_weighted_process,,doh_monthly,,,,,0.09530345873034501,,fail,fail,blocked,not_evaluable,3
29,R13-029,Q4-only long-horizon reference,quarterly_anchors,multi_horizon_weighted_process,,q4_only,0.11748188773372734,0.3507546167793295,-0.23327272904560217,0.11748188773372734,0.12253583498568615,-0.005053947251958818,pass,fail,keep_as_diagnostic,beats_carry_forward_but_not_all_promotion_gates,1
30,R13-030,Post-2021 R14 program nowcast stress test,shock_period,r14_two_factor_program_process,,post_2021_program,,,,,0.09530345873034501,,fail,fail,blocked,not_evaluable,2
31,R13-031,Post-2021 full-support reference,shock_period,multi_horizon_weighted_process,,post_2021,,,,,0.10547702047575354,,fail,fail,blocked,not_evaluable,3
32,R13-032,Pre-2020 stability reference,shock_period,multi_horizon_weighted_process,,pre_2020,0.1124581582066254,0.18301842928007642,-0.07056027107345102,0.1124581582066254,0.09530345873034501,0.017154699476280386,pass,pass,promote_for_next_wave,candidate_passes_priority_gate,0
33,R13-033,Common-support only R11-28,support_partition,multi_horizon_weighted_process,,common_support,0.3620179568964221,0.5512035229281876,-0.18918556603176556,0.15751218208858528,0.11345837623390577,0.04405380585467951,pass,fail,keep_as_diagnostic,beats_carry_forward_but_not_all_promotion_gates,1
34,R13-034,Exact-observed only R11-28,support_partition,multi_horizon_weighted_process,,exact_observed,0.3620179568964221,0.5512035229281876,-0.18918556603176556,0.15751218208858528,0.11345837623390577,0.04405380585467951,pass,fail,keep_as_diagnostic,beats_carry_forward_but_not_all_promotion_gates,1
35,R13-035,Non-program annual trajectory route,non_program,r12_stock_cone_safe_annual_trajectory_process,,non_program,,,,,0.12253583498568615,,fail,fail,blocked,not_evaluable,3
36,R13-036,Route-aware two-head full replay,route_selector,r12_route_aware_two_head_process,,all,0.3701748709075723,0.5512035229281876,-0.18102865202061535,0.1917178744292818,0.11345837623390577,0.07825949819537602,pass,fail,keep_as_diagnostic,beats_carry_forward_but_not_all_promotion_gates,1
37,R13-037,Constrained trajectory-shape replay,shape_head,constrained_trajectory_shape_head,,all,0.38126173419598536,0.5512035229281876,-0.16994178873220228,0.20183257335267368,0.11345837623390577,0.08837419711876791,pass,fail,keep_as_diagnostic,beats_carry_forward_but_not_all_promotion_gates,1
38,R13-038,Horizon-adaptive constrained shape replay,shape_head,horizon_adaptive_constrained_shape_head,,all,0.3961686375682944,0.5512035229281876,-0.15503488535989324,0.2308299343082766,0.11345837623390577,0.11737155807437084,pass,fail,keep_as_diagnostic,beats_carry_forward_but_not_all_promotion_gates,1
39,R13-039,Unconstrained trajectory-shape placebo,shape_head,trajectory_shape_head,,all,0.4551716267648597,0.5512035229281876,-0.09603189616332791,0.22833300879048843,0.11345837623390577,0.11487463255658266,pass,fail,keep_as_diagnostic,beats_carry_forward_but_not_all_promotion_gates,1
40,R13-040,ART-only horizon selector,art_process,art_horizon_selector_process,,program,0.14086905674137706,0.24188663032476154,-0.10101757358338448,0.14086905674137706,0.10547702047575354,0.035392036265623525,pass,fail,keep_as_diagnostic,beats_carry_forward_but_not_all_promotion_gates,1
41,R13-041,Flow-only support-era repair,diagnosis_flow,support_era_diagnosis_flow_process,,program,0.16740386140909763,0.17812657811025007,-0.010722716701152435,0.16740386140909763,0.09530345873034501,0.07210040267875262,pass,fail,keep_as_diagnostic,beats_carry_forward_but_not_all_promotion_gates,1
42,R13-042,Flow-only stock-flow reconciliation,diagnosis_flow,stock_flow_reconciliation_process,,program,0.7967769799986159,0.17812657811025007,0.6186504018883658,0.7967769799986159,0.09530345873034501,0.7014735212682708,fail,fail,reject,does_not_beat_carry_forward,1
43,R13-043,Diagnosed-stock only reporting-bias repair,diagnosed_observation,diagnosed_reporting_bias_process,,program,0.09935044927931878,0.18519462729643563,-0.08584417801711684,0.09935044927931878,0.10547702047575354,-0.006126571196434755,pass,fail,keep_as_diagnostic,beats_carry_forward_but_not_all_promotion_gates,1
44,R13-044,ART-only linkage lag repair,linkage_delay,linkage_lag_kernel,,program,0.1611253015396708,0.19794644809519413,-0.03682114655552332,0.1611253015396708,0.09530345873034501,0.06582184280932579,pass,fail,keep_as_diagnostic,beats_carry_forward_but_not_all_promotion_gates,1
45,R13-045,VL-tested count conditional-rate replay,back_half_rates,back_half_conditional_rates,,all,0.8336606792178441,0.9111123281262566,-0.0774516489084125,,0.11345837623390577,,pass,pass,promote_for_next_wave,candidate_passes_priority_gate,0
46,R13-046,Suppression count conditional-rate replay,back_half_rates,back_half_conditional_rates,,all,0.8868806540710262,0.9662839456280284,-0.07940329155700221,,0.11345837623390577,,pass,pass,promote_for_next_wave,candidate_passes_priority_gate,0
47,R13-047,Conserved annual gate on R14 program branch,annual_official_measurement,official_annual_challenge_gate,r14_two_factor_program_process,official_annual_q4,0.3769111164992583,0.5924720011390459,-0.21556088463978756,,,,pass,not_applicable,promote_for_next_wave,conserved_annual_gate_passes,0
48,R13-048,Conserved annual gate on R11-28 reference,annual_official_measurement,official_annual_challenge_gate,multi_horizon_weighted_process,official_annual_q4,0.3880010960553496,0.5924720011390459,-0.20447090508369625,,,,pass,not_applicable,promote_for_next_wave,conserved_annual_gate_passes,0
49,R13-049,Phase2 determinant lockbox diagnostic,phase2_lockbox,multi_horizon_weighted_process,,all,0.09108534006249573,0.15799845325880346,-0.06691311319630773,0.09108534006249573,0.09530345873034501,-0.004218118667849283,pass,pass,keep_as_diagnostic,phase2_determinant_lockbox_only,1
50,R13-050,Full publication gate sentinel,publication_gate,r19_joint_service_cascade_process,,all,0.33461399303986505,0.5512035229281876,-0.21658952988832259,0.10791720566219772,0.11345837623390577,-0.005541170571708054,pass,fail,keep_as_diagnostic,beats_carry_forward_but_not_all_promotion_gates,1
